,trade_date,gvkey,weights
0,2018-06-01,AAPL,0.03333333333333333
1,2018-06-01,AXP,0.03333333333333333
2,2018-06-01,BA,0.03333333333333333
3,2018-06-01,CAT,0.03333333333333333
4,2018-06-01,CSCO,0.03333333333333333
5,2018-06-01,CVX,0.03333333333333333
6,2018-06-01,DD,0.03333333333333333
7,2018-06-01,DIS,0.03333333333333333
8,2018-06-01,GS,0.03333333333333333
9,2018-06-01,HD,0.03333333333333333
10,2018-06-01,IBM,0.03333333333333333
11,2018-06-01,INTC,0.03333333333333333
12,2018-06-01,JNJ,0.03333333333333333
13,2018-06-01,JPM,0.03333333333333333
14,2018-06-01,KO,0.03333333333333333
15,2018-06-01,MCD,0.03333333333333333
16,2018-06-01,MMM,0.03333333333333333
17,2018-06-01,MRK,0.03333333333333333
18,2018-06-01,MSFT,0.03333333333333333
19,2018-06-01,NKE,0.03333333333333333
20,2018-06-01,PFE,0.03333333333333333
21,2018-06-01,PG,0.03333333333333333
22,2018-06-01,RTX,0.03333333333333333
23,2018-06-01,TRV,0.03333333333333333
24,2018-06-01,UNH,0.03333333333333333
25,2018-06-01,V,0.03333333333333333
26,2018-06-01,VZ,0.03333333333333333
27,2018-06-01,WBA,0.03333333333333333
28,2018-06-01,WMT,0.03333333333333333
29,2018-06-01,XOM,0.03333333333333333
30,2018-06-04,AAPL,0.02718460001051426
31,2018-06-04,AXP,0.02718460001051426
32,2018-06-04,BA,0.02718460001051426
33,2018-06-04,CAT,0.038662612438201904
34,2018-06-04,CSCO,0.02718460001051426
35,2018-06-04,CVX,0.03918278217315674
36,2018-06-04,DD,0.029341133311390877
37,2018-06-04,DIS,0.030639009550213814
38,2018-06-04,GS,0.02718460001051426
39,2018-06-04,HD,0.02718460001051426
40,2018-06-04,IBM,0.02718460001051426
41,2018-06-04,INTC,0.02718460001051426
42,2018-06-04,JNJ,0.02718460001051426
43,2018-06-04,JPM,0.03566579893231392
44,2018-06-04,KO,0.04100661724805832
45,2018-06-04,MCD,0.02718460001051426
46,2018-06-04,MMM,0.06906207650899887
47,2018-06-04,MRK,0.02718460001051426
48,2018-06-04,MSFT,0.03007875196635723
49,2018-06-04,NKE,0.02718460001051426
50,2018-06-04,PFE,0.029823482036590576
51,2018-06-04,PG,0.027225898578763008
52,2018-06-04,RTX,0.05808371677994728
53,2018-06-04,TRV,0.029991205781698227
54,2018-06-04,UNH,0.02718460001051426
55,2018-06-04,V,0.03496203571557999
56,2018-06-04,VZ,0.03288237378001213
57,2018-06-04,WBA,0.0424472913146019
58,2018-06-04,WMT,0.050360843539237976
59,2018-06-04,XOM,0.02718460001051426
60,2018-06-05,AAPL,0.027184441685676575
61,2018-06-05,AXP,0.027184441685676575
62,2018-06-05,BA,0.027184441685676575
63,2018-06-05,CAT,0.03866293281316757
64,2018-06-05,CSCO,0.027184441685676575
65,2018-06-05,CVX,0.039182331413030624
66,2018-06-05,DD,0.02934187278151512
67,2018-06-05,DIS,0.03063853085041046
68,2018-06-05,GS,0.027184441685676575
69,2018-06-05,HD,0.027184441685676575
70,2018-06-05,IBM,0.027184441685676575
71,2018-06-05,INTC,0.027184441685676575
72,2018-06-05,JNJ,0.027184441685676575
73,2018-06-05,JPM,0.03566592186689377
74,2018-06-05,KO,0.04100741818547249
75,2018-06-05,MCD,0.027184441685676575
76,2018-06-05,MMM,0.06906329095363617
77,2018-06-05,MRK,0.027184441685676575
78,2018-06-05,MSFT,0.030078252777457237
79,2018-06-05,NKE,0.027184441685676575
80,2018-06-05,PFE,0.02982395701110363
81,2018-06-05,PG,0.027225283905863762
82,2018-06-05,RTX,0.05808302387595177
83,2018-06-05,TRV,0.029991628602147102
84,2018-06-05,UNH,0.027184441685676575
85,2018-06-05,V,0.03496275097131729
86,2018-06-05,VZ,0.03288227319717407
87,2018-06-05,WBA,0.042447369545698166
88,2018-06-05,WMT,0.05036099627614021
89,2018-06-05,XOM,0.027184441685676575
90,2018-06-06,AAPL,0.027034765109419823
91,2018-06-06,AXP,0.027034765109419823
92,2018-06-06,BA,0.027034765109419823
93,2018-06-06,CAT,0.03924570232629776
94,2018-06-06,CSCO,0.027034765109419823
95,2018-06-06,CVX,0.03755443915724754
96,2018-06-06,DD,0.03188081830739975
97,2018-06-06,DIS,0.02943330444395542
98,2018-06-06,GS,0.027034765109419823
99,2018-06-06,HD,0.027034765109419823
100,2018-06-06,IBM,0.027034765109419823
101,2018-06-06,INTC,0.027034765109419823
102,2018-06-06,JNJ,0.027034765109419823
103,2018-06-06,JPM,0.035917021334171295
104,2018-06-06,KO,0.04267598316073418
105,2018-06-06,MCD,0.027034765109419823
106,2018-06-06,MMM,0.070243701338768
107,2018-06-06,MRK,0.027034765109419823
108,2018-06-06,MSFT,0.028776362538337708
109,2018-06-06,NKE,0.027034765109419823
110,2018-06-06,PFE,0.031472355127334595
111,2018-06-06,PG,0.027034765109419823
112,2018-06-06,RTX,0.05390482023358345
113,2018-06-06,TRV,0.031854599714279175
114,2018-06-06,UNH,0.027034765109419823
115,2018-06-06,V,0.036987338215112686
116,2018-06-06,VZ,0.03273218125104904
117,2018-06-06,WBA,0.042257390916347504
118,2018-06-06,WMT,0.04954259470105171
119,2018-06-06,XOM,0.027034765109419823
120,2018-06-07,AAPL,0.027034765109419823
121,2018-06-07,AXP,0.027034765109419823
122,2018-06-07,BA,0.027034765109419823
123,2018-06-07,CAT,0.03924570232629776
124,2018-06-07,CSCO,0.027034765109419823
125,2018-06-07,CVX,0.03755443915724754
126,2018-06-07,DD,0.03188082203269005
127,2018-06-07,DIS,0.02943330444395542
128,2018-06-07,GS,0.027034765109419823
129,2018-06-07,HD,0.027034765109419823
130,2018-06-07,IBM,0.027034765109419823
131,2018-06-07,INTC,0.027034765109419823
132,2018-06-07,JNJ,0.027034765109419823
133,2018-06-07,JPM,0.035917021334171295
134,2018-06-07,KO,0.042675986886024475
135,2018-06-07,MCD,0.027034765109419823
136,2018-06-07,MMM,0.070243701338768
137,2018-06-07,MRK,0.027034765109419823
138,2018-06-07,MSFT,0.028776362538337708
139,2018-06-07,NKE,0.027034765109419823
140,2018-06-07,PFE,0.031472355127334595
141,2018-06-07,PG,0.027034765109419823
142,2018-06-07,RTX,0.053904805332422256
143,2018-06-07,TRV,0.03185460343956947
144,2018-06-07,UNH,0.027034765109419823
145,2018-06-07,V,0.036987338215112686
146,2018-06-07,VZ,0.03273218125104904
147,2018-06-07,WBA,0.042257390916347504
148,2018-06-07,WMT,0.04954260215163231
149,2018-06-07,XOM,0.027034765109419823
150,2018-06-08,AAPL,0.027034765109419823
151,2018-06-08,AXP,0.027034765109419823
152,2018-06-08,BA,0.027034765109419823
153,2018-06-08,CAT,0.03924570232629776
154,2018-06-08,CSCO,0.027034765109419823
155,2018-06-08,CVX,0.03755443915724754
156,2018-06-08,DD,0.03188082203269005
157,2018-06-08,DIS,0.02943330444395542
158,2018-06-08,GS,0.027034765109419823
159,2018-06-08,HD,0.027034765109419823
160,2018-06-08,IBM,0.027034765109419823
161,2018-06-08,INTC,0.027034765109419823
162,2018-06-08,JNJ,0.027034765109419823
163,2018-06-08,JPM,0.035917021334171295
164,2018-06-08,KO,0.042675986886024475
165,2018-06-08,MCD,0.027034765109419823
166,2018-06-08,MMM,0.070243701338768
167,2018-06-08,MRK,0.027034765109419823
168,2018-06-08,MSFT,0.028776362538337708
169,2018-06-08,NKE,0.027034765109419823
170,2018-06-08,PFE,0.031472355127334595
171,2018-06-08,PG,0.027034765109419823
172,2018-06-08,RTX,0.053904805332422256
173,2018-06-08,TRV,0.03185460343956947
174,2018-06-08,UNH,0.027034765109419823
175,2018-06-08,V,0.036987338215112686
176,2018-06-08,VZ,0.03273218125104904
177,2018-06-08,WBA,0.042257390916347504
178,2018-06-08,WMT,0.04954260215163231
179,2018-06-08,XOM,0.027034765109419823
180,2018-06-11,AAPL,0.027034765109419823
181,2018-06-11,AXP,0.027034765109419823
182,2018-06-11,BA,0.027034765109419823
183,2018-06-11,CAT,0.03924570232629776
184,2018-06-11,CSCO,0.027034765109419823
185,2018-06-11,CVX,0.03755443915724754
186,2018-06-11,DD,0.03188082203269005
187,2018-06-11,DIS,0.02943330444395542
188,2018-06-11,GS,0.027034765109419823
189,2018-06-11,HD,0.027034765109419823
190,2018-06-11,IBM,0.027034765109419823
191,2018-06-11,INTC,0.027034765109419823
192,2018-06-11,JNJ,0.027034765109419823
193,2018-06-11,JPM,0.035917021334171295
194,2018-06-11,KO,0.042675986886024475
195,2018-06-11,MCD,0.027034765109419823
196,2018-06-11,MMM,0.070243701338768
197,2018-06-11,MRK,0.027034765109419823
198,2018-06-11,MSFT,0.028776362538337708
199,2018-06-11,NKE,0.027034765109419823
200,2018-06-11,PFE,0.031472355127334595
201,2018-06-11,PG,0.027034765109419823
202,2018-06-11,RTX,0.053904805332422256
203,2018-06-11,TRV,0.03185460343956947
204,2018-06-11,UNH,0.027034765109419823
205,2018-06-11,V,0.036987338215112686
206,2018-06-11,VZ,0.03273218125104904
207,2018-06-11,WBA,0.042257390916347504
208,2018-06-11,WMT,0.04954260215163231
209,2018-06-11,XOM,0.027034765109419823
210,2018-06-12,AAPL,0.027034765109419823
211,2018-06-12,AXP,0.027034765109419823
212,2018-06-12,BA,0.027034765109419823
213,2018-06-12,CAT,0.03924570232629776
214,2018-06-12,CSCO,0.027034765109419823
215,2018-06-12,CVX,0.03755443915724754
216,2018-06-12,DD,0.03188082203269005
217,2018-06-12,DIS,0.02943330444395542
218,2018-06-12,GS,0.027034765109419823
219,2018-06-12,HD,0.027034765109419823
220,2018-06-12,IBM,0.027034765109419823
221,2018-06-12,INTC,0.027034765109419823
222,2018-06-12,JNJ,0.027034765109419823
223,2018-06-12,JPM,0.035917021334171295
224,2018-06-12,KO,0.042675986886024475
225,2018-06-12,MCD,0.027034765109419823
226,2018-06-12,MMM,0.070243701338768
227,2018-06-12,MRK,0.027034765109419823
228,2018-06-12,MSFT,0.028776362538337708
229,2018-06-12,NKE,0.027034765109419823
230,2018-06-12,PFE,0.031472355127334595
231,2018-06-12,PG,0.027034765109419823
232,2018-06-12,RTX,0.053904805332422256
233,2018-06-12,TRV,0.03185460343956947
234,2018-06-12,UNH,0.027034765109419823
235,2018-06-12,V,0.036987338215112686
236,2018-06-12,VZ,0.03273218125104904
237,2018-06-12,WBA,0.042257390916347504
238,2018-06-12,WMT,0.04954260215163231
239,2018-06-12,XOM,0.027034765109419823
240,2018-06-13,AAPL,0.027034765109419823
241,2018-06-13,AXP,0.027034765109419823
242,2018-06-13,BA,0.027034765109419823
243,2018-06-13,CAT,0.03924570232629776
244,2018-06-13,CSCO,0.027034765109419823
245,2018-06-13,CVX,0.03755443915724754
246,2018-06-13,DD,0.03188082203269005
247,2018-06-13,DIS,0.02943330444395542
248,2018-06-13,GS,0.027034765109419823
249,2018-06-13,HD,0.027034765109419823
250,2018-06-13,IBM,0.027034765109419823
251,2018-06-13,INTC,0.027034765109419823
252,2018-06-13,JNJ,0.027034765109419823
253,2018-06-13,JPM,0.035917021334171295
254,2018-06-13,KO,0.042675986886024475
255,2018-06-13,MCD,0.027034765109419823
256,2018-06-13,MMM,0.070243701338768
257,2018-06-13,MRK,0.027034765109419823
258,2018-06-13,MSFT,0.028776362538337708
259,2018-06-13,NKE,0.027034765109419823
260,2018-06-13,PFE,0.031472355127334595
261,2018-06-13,PG,0.027034765109419823
262,2018-06-13,RTX,0.053904805332422256
263,2018-06-13,TRV,0.03185460343956947
264,2018-06-13,UNH,0.027034765109419823
265,2018-06-13,V,0.036987338215112686
266,2018-06-13,VZ,0.03273218125104904
267,2018-06-13,WBA,0.042257390916347504
268,2018-06-13,WMT,0.04954260215163231
269,2018-06-13,XOM,0.027034765109419823
270,2018-06-14,AAPL,0.027034765109419823
271,2018-06-14,AXP,0.027034765109419823
272,2018-06-14,BA,0.027034765109419823
273,2018-06-14,CAT,0.03924570232629776
274,2018-06-14,CSCO,0.027034765109419823
275,2018-06-14,CVX,0.03755443915724754
276,2018-06-14,DD,0.03188082203269005
277,2018-06-14,DIS,0.02943330444395542
278,2018-06-14,GS,0.027034765109419823
279,2018-06-14,HD,0.027034765109419823
280,2018-06-14,IBM,0.027034765109419823
281,2018-06-14,INTC,0.027034765109419823
282,2018-06-14,JNJ,0.027034765109419823
283,2018-06-14,JPM,0.035917021334171295
284,2018-06-14,KO,0.042675986886024475
285,2018-06-14,MCD,0.027034765109419823
286,2018-06-14,MMM,0.070243701338768
287,2018-06-14,MRK,0.027034765109419823
288,2018-06-14,MSFT,0.028776362538337708
289,2018-06-14,NKE,0.027034765109419823
290,2018-06-14,PFE,0.031472355127334595
291,2018-06-14,PG,0.027034765109419823
292,2018-06-14,RTX,0.053904805332422256
293,2018-06-14,TRV,0.03185460343956947
294,2018-06-14,UNH,0.027034765109419823
295,2018-06-14,V,0.036987338215112686
296,2018-06-14,VZ,0.03273218125104904
297,2018-06-14,WBA,0.042257390916347504
298,2018-06-14,WMT,0.04954260215163231
299,2018-06-14,XOM,0.027034765109419823
300,2018-06-15,AAPL,0.027034765109419823
301,2018-06-15,AXP,0.027034765109419823
302,2018-06-15,BA,0.027034765109419823
303,2018-06-15,CAT,0.03924570232629776
304,2018-06-15,CSCO,0.027034765109419823
305,2018-06-15,CVX,0.03755443915724754
306,2018-06-15,DD,0.03188082203269005
307,2018-06-15,DIS,0.02943330444395542
308,2018-06-15,GS,0.027034765109419823
309,2018-06-15,HD,0.027034765109419823
310,2018-06-15,IBM,0.027034765109419823
311,2018-06-15,INTC,0.027034765109419823
312,2018-06-15,JNJ,0.027034765109419823
313,2018-06-15,JPM,0.035917021334171295
314,2018-06-15,KO,0.042675986886024475
315,2018-06-15,MCD,0.027034765109419823
316,2018-06-15,MMM,0.070243701338768
317,2018-06-15,MRK,0.027034765109419823
318,2018-06-15,MSFT,0.028776362538337708
319,2018-06-15,NKE,0.027034765109419823
320,2018-06-15,PFE,0.031472355127334595
321,2018-06-15,PG,0.027034765109419823
322,2018-06-15,RTX,0.053904805332422256
323,2018-06-15,TRV,0.03185460343956947
324,2018-06-15,UNH,0.027034765109419823
325,2018-06-15,V,0.036987338215112686
326,2018-06-15,VZ,0.03273218125104904
327,2018-06-15,WBA,0.042257390916347504
328,2018-06-15,WMT,0.04954260215163231
329,2018-06-15,XOM,0.027034765109419823
330,2018-06-18,AAPL,0.027034765109419823
331,2018-06-18,AXP,0.027034765109419823
332,2018-06-18,BA,0.027034765109419823
333,2018-06-18,CAT,0.03924570232629776
334,2018-06-18,CSCO,0.027034765109419823
335,2018-06-18,CVX,0.03755443915724754
336,2018-06-18,DD,0.03188081830739975
337,2018-06-18,DIS,0.02943330444395542
338,2018-06-18,GS,0.027034765109419823
339,2018-06-18,HD,0.027034765109419823
340,2018-06-18,IBM,0.027034765109419823
341,2018-06-18,INTC,0.027034765109419823
342,2018-06-18,JNJ,0.027034765109419823
343,2018-06-18,JPM,0.035917021334171295
344,2018-06-18,KO,0.04267598316073418
345,2018-06-18,MCD,0.027034765109419823
346,2018-06-18,MMM,0.070243701338768
347,2018-06-18,MRK,0.027034765109419823
348,2018-06-18,MSFT,0.028776362538337708
349,2018-06-18,NKE,0.027034765109419823
350,2018-06-18,PFE,0.031472355127334595
351,2018-06-18,PG,0.027034765109419823
352,2018-06-18,RTX,0.05390482023358345
353,2018-06-18,TRV,0.031854599714279175
354,2018-06-18,UNH,0.027034765109419823
355,2018-06-18,V,0.03698733448982239
356,2018-06-18,VZ,0.03273218125104904
357,2018-06-18,WBA,0.042257390916347504
358,2018-06-18,WMT,0.04954260215163231
359,2018-06-18,XOM,0.027034765109419823
360,2018-06-19,AAPL,0.02718460001051426
361,2018-06-19,AXP,0.02718460001051426
362,2018-06-19,BA,0.02718460001051426
363,2018-06-19,CAT,0.038662612438201904
364,2018-06-19,CSCO,0.02718460001051426
365,2018-06-19,CVX,0.03918278217315674
366,2018-06-19,DD,0.029341133311390877
367,2018-06-19,DIS,0.030639009550213814
368,2018-06-19,GS,0.02718460001051426
369,2018-06-19,HD,0.02718460001051426
370,2018-06-19,IBM,0.02718460001051426
371,2018-06-19,INTC,0.02718460001051426
372,2018-06-19,JNJ,0.02718460001051426
373,2018-06-19,JPM,0.03566579893231392
374,2018-06-19,KO,0.04100661724805832
375,2018-06-19,MCD,0.02718460001051426
376,2018-06-19,MMM,0.06906207650899887
377,2018-06-19,MRK,0.02718460001051426
378,2018-06-19,MSFT,0.03007875196635723
379,2018-06-19,NKE,0.02718460001051426
380,2018-06-19,PFE,0.029823482036590576
381,2018-06-19,PG,0.027225898578763008
382,2018-06-19,RTX,0.05808371677994728
383,2018-06-19,TRV,0.029991205781698227
384,2018-06-19,UNH,0.02718460001051426
385,2018-06-19,V,0.03496203571557999
386,2018-06-19,VZ,0.03288237378001213
387,2018-06-19,WBA,0.0424472913146019
388,2018-06-19,WMT,0.050360843539237976
389,2018-06-19,XOM,0.02718460001051426
390,2018-06-20,AAPL,0.02718460001051426
391,2018-06-20,AXP,0.02718460001051426
392,2018-06-20,BA,0.02718460001051426
393,2018-06-20,CAT,0.038662612438201904
394,2018-06-20,CSCO,0.02718460001051426
395,2018-06-20,CVX,0.03918278217315674
396,2018-06-20,DD,0.029341133311390877
397,2018-06-20,DIS,0.030639009550213814
398,2018-06-20,GS,0.02718460001051426
399,2018-06-20,HD,0.02718460001051426
400,2018-06-20,IBM,0.02718460001051426
401,2018-06-20,INTC,0.02718460001051426
402,2018-06-20,JNJ,0.02718460001051426
403,2018-06-20,JPM,0.03566579893231392
404,2018-06-20,KO,0.04100661724805832
405,2018-06-20,MCD,0.02718460001051426
406,2018-06-20,MMM,0.06906207650899887
407,2018-06-20,MRK,0.02718460001051426
408,2018-06-20,MSFT,0.03007875196635723
409,2018-06-20,NKE,0.02718460001051426
410,2018-06-20,PFE,0.029823482036590576
411,2018-06-20,PG,0.027225898578763008
412,2018-06-20,RTX,0.05808371677994728
413,2018-06-20,TRV,0.029991205781698227
414,2018-06-20,UNH,0.02718460001051426
415,2018-06-20,V,0.03496203571557999
416,2018-06-20,VZ,0.03288237378001213
417,2018-06-20,WBA,0.0424472913146019
418,2018-06-20,WMT,0.050360843539237976
419,2018-06-20,XOM,0.02718460001051426
420,2018-06-21,AAPL,0.02718460001051426
421,2018-06-21,AXP,0.02718460001051426
422,2018-06-21,BA,0.02718460001051426
423,2018-06-21,CAT,0.038662612438201904
424,2018-06-21,CSCO,0.02718460001051426
425,2018-06-21,CVX,0.03918278217315674
426,2018-06-21,DD,0.029341133311390877
427,2018-06-21,DIS,0.030639009550213814
428,2018-06-21,GS,0.02718460001051426
429,2018-06-21,HD,0.02718460001051426
430,2018-06-21,IBM,0.02718460001051426
431,2018-06-21,INTC,0.02718460001051426
432,2018-06-21,JNJ,0.02718460001051426
433,2018-06-21,JPM,0.03566579893231392
434,2018-06-21,KO,0.04100661724805832
435,2018-06-21,MCD,0.02718460001051426
436,2018-06-21,MMM,0.06906207650899887
437,2018-06-21,MRK,0.02718460001051426
438,2018-06-21,MSFT,0.03007875196635723
439,2018-06-21,NKE,0.02718460001051426
440,2018-06-21,PFE,0.029823482036590576
441,2018-06-21,PG,0.027225898578763008
442,2018-06-21,RTX,0.05808371677994728
443,2018-06-21,TRV,0.029991205781698227
444,2018-06-21,UNH,0.02718460001051426
445,2018-06-21,V,0.03496203571557999
446,2018-06-21,VZ,0.03288237378001213
447,2018-06-21,WBA,0.0424472913146019
448,2018-06-21,WMT,0.050360843539237976
449,2018-06-21,XOM,0.02718460001051426
450,2018-06-22,AAPL,0.02718460001051426
451,2018-06-22,AXP,0.02718460001051426
452,2018-06-22,BA,0.02718460001051426
453,2018-06-22,CAT,0.038662612438201904
454,2018-06-22,CSCO,0.02718460001051426
455,2018-06-22,CVX,0.03918278217315674
456,2018-06-22,DD,0.029341133311390877
457,2018-06-22,DIS,0.030639009550213814
458,2018-06-22,GS,0.02718460001051426
459,2018-06-22,HD,0.02718460001051426
460,2018-06-22,IBM,0.02718460001051426
461,2018-06-22,INTC,0.02718460001051426
462,2018-06-22,JNJ,0.02718460001051426
463,2018-06-22,JPM,0.03566579893231392
464,2018-06-22,KO,0.04100661724805832
465,2018-06-22,MCD,0.02718460001051426
466,2018-06-22,MMM,0.06906207650899887
467,2018-06-22,MRK,0.02718460001051426
468,2018-06-22,MSFT,0.03007875196635723
469,2018-06-22,NKE,0.02718460001051426
470,2018-06-22,PFE,0.029823482036590576
471,2018-06-22,PG,0.027225898578763008
472,2018-06-22,RTX,0.05808371677994728
473,2018-06-22,TRV,0.029991205781698227
474,2018-06-22,UNH,0.02718460001051426
475,2018-06-22,V,0.03496203571557999
476,2018-06-22,VZ,0.03288237378001213
477,2018-06-22,WBA,0.0424472913146019
478,2018-06-22,WMT,0.050360843539237976
479,2018-06-22,XOM,0.02718460001051426
480,2018-06-25,AAPL,0.02718460001051426
481,2018-06-25,AXP,0.02718460001051426
482,2018-06-25,BA,0.02718460001051426
483,2018-06-25,CAT,0.038662612438201904
484,2018-06-25,CSCO,0.02718460001051426
485,2018-06-25,CVX,0.03918278217315674
486,2018-06-25,DD,0.029341133311390877
487,2018-06-25,DIS,0.030639009550213814
488,2018-06-25,GS,0.02718460001051426
489,2018-06-25,HD,0.02718460001051426
490,2018-06-25,IBM,0.02718460001051426
491,2018-06-25,INTC,0.02718460001051426
492,2018-06-25,JNJ,0.02718460001051426
493,2018-06-25,JPM,0.03566579893231392
494,2018-06-25,KO,0.04100661724805832
495,2018-06-25,MCD,0.02718460001051426
496,2018-06-25,MMM,0.06906207650899887
497,2018-06-25,MRK,0.02718460001051426
498,2018-06-25,MSFT,0.03007875196635723
499,2018-06-25,NKE,0.02718460001051426
500,2018-06-25,PFE,0.029823482036590576
501,2018-06-25,PG,0.027225898578763008
502,2018-06-25,RTX,0.05808371677994728
503,2018-06-25,TRV,0.029991205781698227
504,2018-06-25,UNH,0.02718460001051426
505,2018-06-25,V,0.03496203571557999
506,2018-06-25,VZ,0.03288237378001213
507,2018-06-25,WBA,0.0424472913146019
508,2018-06-25,WMT,0.050360843539237976
509,2018-06-25,XOM,0.02718460001051426
510,2018-06-26,AAPL,0.02718460001051426
511,2018-06-26,AXP,0.02718460001051426
512,2018-06-26,BA,0.02718460001051426
513,2018-06-26,CAT,0.038662612438201904
514,2018-06-26,CSCO,0.02718460001051426
515,2018-06-26,CVX,0.03918278217315674
516,2018-06-26,DD,0.029341133311390877
517,2018-06-26,DIS,0.030639009550213814
518,2018-06-26,GS,0.02718460001051426
519,2018-06-26,HD,0.02718460001051426
520,2018-06-26,IBM,0.02718460001051426
521,2018-06-26,INTC,0.02718460001051426
522,2018-06-26,JNJ,0.02718460001051426
523,2018-06-26,JPM,0.03566579893231392
524,2018-06-26,KO,0.04100661724805832
525,2018-06-26,MCD,0.02718460001051426
526,2018-06-26,MMM,0.06906207650899887
527,2018-06-26,MRK,0.02718460001051426
528,2018-06-26,MSFT,0.03007875196635723
529,2018-06-26,NKE,0.02718460001051426
530,2018-06-26,PFE,0.029823482036590576
531,2018-06-26,PG,0.027225898578763008
532,2018-06-26,RTX,0.05808371677994728
533,2018-06-26,TRV,0.029991205781698227
534,2018-06-26,UNH,0.02718460001051426
535,2018-06-26,V,0.03496203571557999
536,2018-06-26,VZ,0.03288237378001213
537,2018-06-26,WBA,0.0424472913146019
538,2018-06-26,WMT,0.050360843539237976
539,2018-06-26,XOM,0.02718460001051426
540,2018-06-27,AAPL,0.02718460001051426
541,2018-06-27,AXP,0.02718460001051426
542,2018-06-27,BA,0.02718460001051426
543,2018-06-27,CAT,0.038662612438201904
544,2018-06-27,CSCO,0.02718460001051426
545,2018-06-27,CVX,0.03918278217315674
546,2018-06-27,DD,0.029341133311390877
547,2018-06-27,DIS,0.030639009550213814
548,2018-06-27,GS,0.02718460001051426
549,2018-06-27,HD,0.02718460001051426
550,2018-06-27,IBM,0.02718460001051426
551,2018-06-27,INTC,0.02718460001051426
552,2018-06-27,JNJ,0.02718460001051426
553,2018-06-27,JPM,0.03566579893231392
554,2018-06-27,KO,0.04100661724805832
555,2018-06-27,MCD,0.02718460001051426
556,2018-06-27,MMM,0.06906207650899887
557,2018-06-27,MRK,0.02718460001051426
558,2018-06-27,MSFT,0.03007875196635723
559,2018-06-27,NKE,0.02718460001051426
560,2018-06-27,PFE,0.029823482036590576
561,2018-06-27,PG,0.027225898578763008
562,2018-06-27,RTX,0.05808371677994728
563,2018-06-27,TRV,0.029991205781698227
564,2018-06-27,UNH,0.02718460001051426
565,2018-06-27,V,0.03496203571557999
566,2018-06-27,VZ,0.03288237378001213
567,2018-06-27,WBA,0.0424472913146019
568,2018-06-27,WMT,0.050360843539237976
569,2018-06-27,XOM,0.02718460001051426
570,2018-06-28,AAPL,0.02718460001051426
571,2018-06-28,AXP,0.02718460001051426
572,2018-06-28,BA,0.02718460001051426
573,2018-06-28,CAT,0.038662612438201904
574,2018-06-28,CSCO,0.02718460001051426
575,2018-06-28,CVX,0.03918278217315674
576,2018-06-28,DD,0.029341133311390877
577,2018-06-28,DIS,0.030639009550213814
578,2018-06-28,GS,0.02718460001051426
579,2018-06-28,HD,0.02718460001051426
580,2018-06-28,IBM,0.02718460001051426
581,2018-06-28,INTC,0.02718460001051426
582,2018-06-28,JNJ,0.02718460001051426
583,2018-06-28,JPM,0.03566579893231392
584,2018-06-28,KO,0.04100661724805832
585,2018-06-28,MCD,0.02718460001051426
586,2018-06-28,MMM,0.06906207650899887
587,2018-06-28,MRK,0.02718460001051426
588,2018-06-28,MSFT,0.03007875196635723
589,2018-06-28,NKE,0.02718460001051426
590,2018-06-28,PFE,0.029823482036590576
591,2018-06-28,PG,0.027225898578763008
592,2018-06-28,RTX,0.05808371677994728
593,2018-06-28,TRV,0.029991205781698227
594,2018-06-28,UNH,0.02718460001051426
595,2018-06-28,V,0.03496203571557999
596,2018-06-28,VZ,0.03288237378001213
597,2018-06-28,WBA,0.0424472913146019
598,2018-06-28,WMT,0.050360843539237976
599,2018-06-28,XOM,0.02718460001051426
600,2018-06-29,AAPL,0.02718460001051426
601,2018-06-29,AXP,0.02718460001051426
602,2018-06-29,BA,0.02718460001051426
603,2018-06-29,CAT,0.038662612438201904
604,2018-06-29,CSCO,0.02718460001051426
605,2018-06-29,CVX,0.03918278217315674
606,2018-06-29,DD,0.029341133311390877
607,2018-06-29,DIS,0.030639009550213814
608,2018-06-29,GS,0.02718460001051426
609,2018-06-29,HD,0.02718460001051426
610,2018-06-29,IBM,0.02718460001051426
611,2018-06-29,INTC,0.02718460001051426
612,2018-06-29,JNJ,0.02718460001051426
613,2018-06-29,JPM,0.03566579893231392
614,2018-06-29,KO,0.04100661724805832
615,2018-06-29,MCD,0.02718460001051426
616,2018-06-29,MMM,0.06906207650899887
617,2018-06-29,MRK,0.02718460001051426
618,2018-06-29,MSFT,0.03007875196635723
619,2018-06-29,NKE,0.02718460001051426
620,2018-06-29,PFE,0.029823482036590576
621,2018-06-29,PG,0.027225898578763008
622,2018-06-29,RTX,0.05808371677994728
623,2018-06-29,TRV,0.029991205781698227
624,2018-06-29,UNH,0.02718460001051426
625,2018-06-29,V,0.03496203571557999
626,2018-06-29,VZ,0.03288237378001213
627,2018-06-29,WBA,0.0424472913146019
628,2018-06-29,WMT,0.050360843539237976
629,2018-06-29,XOM,0.02718460001051426
630,2018-07-02,AAPL,0.02718460001051426
631,2018-07-02,AXP,0.02718460001051426
632,2018-07-02,BA,0.02718460001051426
633,2018-07-02,CAT,0.038662612438201904
634,2018-07-02,CSCO,0.02718460001051426
635,2018-07-02,CVX,0.03918278217315674
636,2018-07-02,DD,0.029341133311390877
637,2018-07-02,DIS,0.030639009550213814
638,2018-07-02,GS,0.02718460001051426
639,2018-07-02,HD,0.02718460001051426
640,2018-07-02,IBM,0.02718460001051426
641,2018-07-02,INTC,0.02718460001051426
642,2018-07-02,JNJ,0.02718460001051426
643,2018-07-02,JPM,0.03566579893231392
644,2018-07-02,KO,0.04100661724805832
645,2018-07-02,MCD,0.02718460001051426
646,2018-07-02,MMM,0.06906207650899887
647,2018-07-02,MRK,0.02718460001051426
648,2018-07-02,MSFT,0.03007875196635723
649,2018-07-02,NKE,0.02718460001051426
650,2018-07-02,PFE,0.029823482036590576
651,2018-07-02,PG,0.027225898578763008
652,2018-07-02,RTX,0.05808371677994728
653,2018-07-02,TRV,0.029991205781698227
654,2018-07-02,UNH,0.02718460001051426
655,2018-07-02,V,0.03496203571557999
656,2018-07-02,VZ,0.03288237378001213
657,2018-07-02,WBA,0.0424472913146019
658,2018-07-02,WMT,0.050360843539237976
659,2018-07-02,XOM,0.02718460001051426
660,2018-07-03,AAPL,0.02718460001051426
661,2018-07-03,AXP,0.02718460001051426
662,2018-07-03,BA,0.02718460001051426
663,2018-07-03,CAT,0.038662612438201904
664,2018-07-03,CSCO,0.02718460001051426
665,2018-07-03,CVX,0.03918278217315674
666,2018-07-03,DD,0.029341133311390877
667,2018-07-03,DIS,0.030639009550213814
668,2018-07-03,GS,0.02718460001051426
669,2018-07-03,HD,0.02718460001051426
670,2018-07-03,IBM,0.02718460001051426
671,2018-07-03,INTC,0.02718460001051426
672,2018-07-03,JNJ,0.02718460001051426
673,2018-07-03,JPM,0.03566579893231392
674,2018-07-03,KO,0.04100661724805832
675,2018-07-03,MCD,0.02718460001051426
676,2018-07-03,MMM,0.06906207650899887
677,2018-07-03,MRK,0.02718460001051426
678,2018-07-03,MSFT,0.03007875196635723
679,2018-07-03,NKE,0.02718460001051426
680,2018-07-03,PFE,0.029823482036590576
681,2018-07-03,PG,0.027225898578763008
682,2018-07-03,RTX,0.05808371677994728
683,2018-07-03,TRV,0.029991205781698227
684,2018-07-03,UNH,0.02718460001051426
685,2018-07-03,V,0.03496203571557999
686,2018-07-03,VZ,0.03288237378001213
687,2018-07-03,WBA,0.0424472913146019
688,2018-07-03,WMT,0.050360843539237976
689,2018-07-03,XOM,0.02718460001051426
690,2018-07-05,AAPL,0.02718460001051426
691,2018-07-05,AXP,0.02718460001051426
692,2018-07-05,BA,0.02718460001051426
693,2018-07-05,CAT,0.038662612438201904
694,2018-07-05,CSCO,0.02718460001051426
695,2018-07-05,CVX,0.03918278217315674
696,2018-07-05,DD,0.029341133311390877
697,2018-07-05,DIS,0.030639009550213814
698,2018-07-05,GS,0.02718460001051426
699,2018-07-05,HD,0.02718460001051426
700,2018-07-05,IBM,0.02718460001051426
701,2018-07-05,INTC,0.02718460001051426
702,2018-07-05,JNJ,0.02718460001051426
703,2018-07-05,JPM,0.03566579893231392
704,2018-07-05,KO,0.04100661724805832
705,2018-07-05,MCD,0.02718460001051426
706,2018-07-05,MMM,0.06906207650899887
707,2018-07-05,MRK,0.02718460001051426
708,2018-07-05,MSFT,0.03007875196635723
709,2018-07-05,NKE,0.02718460001051426
710,2018-07-05,PFE,0.029823482036590576
711,2018-07-05,PG,0.027225898578763008
712,2018-07-05,RTX,0.05808371677994728
713,2018-07-05,TRV,0.029991205781698227
714,2018-07-05,UNH,0.02718460001051426
715,2018-07-05,V,0.03496203571557999
716,2018-07-05,VZ,0.03288237378001213
717,2018-07-05,WBA,0.0424472913146019
718,2018-07-05,WMT,0.050360843539237976
719,2018-07-05,XOM,0.02718460001051426
720,2018-07-06,AAPL,0.02718460001051426
721,2018-07-06,AXP,0.02718460001051426
722,2018-07-06,BA,0.02718460001051426
723,2018-07-06,CAT,0.038662612438201904
724,2018-07-06,CSCO,0.02718460001051426
725,2018-07-06,CVX,0.03918278217315674
726,2018-07-06,DD,0.029341133311390877
727,2018-07-06,DIS,0.030639009550213814
728,2018-07-06,GS,0.02718460001051426
729,2018-07-06,HD,0.02718460001051426
730,2018-07-06,IBM,0.02718460001051426
731,2018-07-06,INTC,0.02718460001051426
732,2018-07-06,JNJ,0.02718460001051426
733,2018-07-06,JPM,0.03566579893231392
734,2018-07-06,KO,0.04100661724805832
735,2018-07-06,MCD,0.02718460001051426
736,2018-07-06,MMM,0.06906207650899887
737,2018-07-06,MRK,0.02718460001051426
738,2018-07-06,MSFT,0.03007875196635723
739,2018-07-06,NKE,0.02718460001051426
740,2018-07-06,PFE,0.029823482036590576
741,2018-07-06,PG,0.027225898578763008
742,2018-07-06,RTX,0.05808371677994728
743,2018-07-06,TRV,0.029991205781698227
744,2018-07-06,UNH,0.02718460001051426
745,2018-07-06,V,0.03496203571557999
746,2018-07-06,VZ,0.03288237378001213
747,2018-07-06,WBA,0.0424472913146019
748,2018-07-06,WMT,0.050360843539237976
749,2018-07-06,XOM,0.02718460001051426
750,2018-07-09,AAPL,0.02718460001051426
751,2018-07-09,AXP,0.02718460001051426
752,2018-07-09,BA,0.02718460001051426
753,2018-07-09,CAT,0.038662612438201904
754,2018-07-09,CSCO,0.02718460001051426
755,2018-07-09,CVX,0.03918278217315674
756,2018-07-09,DD,0.029341133311390877
757,2018-07-09,DIS,0.030639009550213814
758,2018-07-09,GS,0.02718460001051426
759,2018-07-09,HD,0.02718460001051426
760,2018-07-09,IBM,0.02718460001051426
761,2018-07-09,INTC,0.02718460001051426
762,2018-07-09,JNJ,0.02718460001051426
763,2018-07-09,JPM,0.03566579893231392
764,2018-07-09,KO,0.04100661724805832
765,2018-07-09,MCD,0.02718460001051426
766,2018-07-09,MMM,0.06906207650899887
767,2018-07-09,MRK,0.02718460001051426
768,2018-07-09,MSFT,0.03007875196635723
769,2018-07-09,NKE,0.02718460001051426
770,2018-07-09,PFE,0.029823482036590576
771,2018-07-09,PG,0.027225898578763008
772,2018-07-09,RTX,0.05808371677994728
773,2018-07-09,TRV,0.029991205781698227
774,2018-07-09,UNH,0.02718460001051426
775,2018-07-09,V,0.03496203571557999
776,2018-07-09,VZ,0.03288237378001213
777,2018-07-09,WBA,0.0424472913146019
778,2018-07-09,WMT,0.050360843539237976
779,2018-07-09,XOM,0.02718460001051426
780,2018-07-10,AAPL,0.027034765109419823
781,2018-07-10,AXP,0.027034765109419823
782,2018-07-10,BA,0.027034765109419823
783,2018-07-10,CAT,0.03924570232629776
784,2018-07-10,CSCO,0.027034765109419823
785,2018-07-10,CVX,0.03755443915724754
786,2018-07-10,DD,0.03188082203269005
787,2018-07-10,DIS,0.02943330444395542
788,2018-07-10,GS,0.027034765109419823
789,2018-07-10,HD,0.027034765109419823
790,2018-07-10,IBM,0.027034765109419823
791,2018-07-10,INTC,0.027034765109419823
792,2018-07-10,JNJ,0.027034765109419823
793,2018-07-10,JPM,0.035917021334171295
794,2018-07-10,KO,0.042675986886024475
795,2018-07-10,MCD,0.027034765109419823
796,2018-07-10,MMM,0.070243701338768
797,2018-07-10,MRK,0.027034765109419823
798,2018-07-10,MSFT,0.028776362538337708
799,2018-07-10,NKE,0.027034765109419823
800,2018-07-10,PFE,0.031472355127334595
801,2018-07-10,PG,0.027034765109419823
802,2018-07-10,RTX,0.053904805332422256
803,2018-07-10,TRV,0.03185460343956947
804,2018-07-10,UNH,0.027034765109419823
805,2018-07-10,V,0.036987338215112686
806,2018-07-10,VZ,0.03273218125104904
807,2018-07-10,WBA,0.042257390916347504
808,2018-07-10,WMT,0.04954260215163231
809,2018-07-10,XOM,0.027034765109419823
810,2018-07-11,AAPL,0.027034765109419823
811,2018-07-11,AXP,0.027034765109419823
812,2018-07-11,BA,0.027034765109419823
813,2018-07-11,CAT,0.03924570232629776
814,2018-07-11,CSCO,0.027034765109419823
815,2018-07-11,CVX,0.03755443915724754
816,2018-07-11,DD,0.03188082203269005
817,2018-07-11,DIS,0.02943330444395542
818,2018-07-11,GS,0.027034765109419823
819,2018-07-11,HD,0.027034765109419823
820,2018-07-11,IBM,0.027034765109419823
821,2018-07-11,INTC,0.027034765109419823
822,2018-07-11,JNJ,0.027034765109419823
823,2018-07-11,JPM,0.035917021334171295
824,2018-07-11,KO,0.042675986886024475
825,2018-07-11,MCD,0.027034765109419823
826,2018-07-11,MMM,0.070243701338768
827,2018-07-11,MRK,0.027034765109419823
828,2018-07-11,MSFT,0.028776362538337708
829,2018-07-11,NKE,0.027034765109419823
830,2018-07-11,PFE,0.031472355127334595
831,2018-07-11,PG,0.027034765109419823
832,2018-07-11,RTX,0.053904805332422256
833,2018-07-11,TRV,0.03185460343956947
834,2018-07-11,UNH,0.027034765109419823
835,2018-07-11,V,0.036987338215112686
836,2018-07-11,VZ,0.03273218125104904
837,2018-07-11,WBA,0.042257390916347504
838,2018-07-11,WMT,0.04954260215163231
839,2018-07-11,XOM,0.027034765109419823
840,2018-07-12,AAPL,0.027034765109419823
841,2018-07-12,AXP,0.027034765109419823
842,2018-07-12,BA,0.027034765109419823
843,2018-07-12,CAT,0.03924570232629776
844,2018-07-12,CSCO,0.027034765109419823
845,2018-07-12,CVX,0.03755443915724754
846,2018-07-12,DD,0.03188082203269005
847,2018-07-12,DIS,0.02943330444395542
848,2018-07-12,GS,0.027034765109419823
849,2018-07-12,HD,0.027034765109419823
850,2018-07-12,IBM,0.027034765109419823
851,2018-07-12,INTC,0.027034765109419823
852,2018-07-12,JNJ,0.027034765109419823
853,2018-07-12,JPM,0.035917021334171295
854,2018-07-12,KO,0.042675986886024475
855,2018-07-12,MCD,0.027034765109419823
856,2018-07-12,MMM,0.070243701338768
857,2018-07-12,MRK,0.027034765109419823
858,2018-07-12,MSFT,0.028776362538337708
859,2018-07-12,NKE,0.027034765109419823
860,2018-07-12,PFE,0.031472355127334595
861,2018-07-12,PG,0.027034765109419823
862,2018-07-12,RTX,0.053904805332422256
863,2018-07-12,TRV,0.03185460343956947
864,2018-07-12,UNH,0.027034765109419823
865,2018-07-12,V,0.036987338215112686
866,2018-07-12,VZ,0.03273218125104904
867,2018-07-12,WBA,0.042257390916347504
868,2018-07-12,WMT,0.04954260215163231
869,2018-07-12,XOM,0.027034765109419823
870,2018-07-13,AAPL,0.027034765109419823
871,2018-07-13,AXP,0.027034765109419823
872,2018-07-13,BA,0.027034765109419823
873,2018-07-13,CAT,0.03924570232629776
874,2018-07-13,CSCO,0.027034765109419823
875,2018-07-13,CVX,0.03755443915724754
876,2018-07-13,DD,0.03188082203269005
877,2018-07-13,DIS,0.02943330444395542
878,2018-07-13,GS,0.027034765109419823
879,2018-07-13,HD,0.027034765109419823
880,2018-07-13,IBM,0.027034765109419823
881,2018-07-13,INTC,0.027034765109419823
882,2018-07-13,JNJ,0.027034765109419823
883,2018-07-13,JPM,0.035917021334171295
884,2018-07-13,KO,0.042675986886024475
885,2018-07-13,MCD,0.027034765109419823
886,2018-07-13,MMM,0.070243701338768
887,2018-07-13,MRK,0.027034765109419823
888,2018-07-13,MSFT,0.028776362538337708
889,2018-07-13,NKE,0.027034765109419823
890,2018-07-13,PFE,0.031472355127334595
891,2018-07-13,PG,0.027034765109419823
892,2018-07-13,RTX,0.053904805332422256
893,2018-07-13,TRV,0.03185460343956947
894,2018-07-13,UNH,0.027034765109419823
895,2018-07-13,V,0.036987338215112686
896,2018-07-13,VZ,0.03273218125104904
897,2018-07-13,WBA,0.042257390916347504
898,2018-07-13,WMT,0.04954260215163231
899,2018-07-13,XOM,0.027034765109419823
900,2018-07-16,AAPL,0.027034765109419823
901,2018-07-16,AXP,0.027034765109419823
902,2018-07-16,BA,0.027034765109419823
903,2018-07-16,CAT,0.03924570232629776
904,2018-07-16,CSCO,0.027034765109419823
905,2018-07-16,CVX,0.03755443915724754
906,2018-07-16,DD,0.03188082203269005
907,2018-07-16,DIS,0.02943330444395542
908,2018-07-16,GS,0.027034765109419823
909,2018-07-16,HD,0.027034765109419823
910,2018-07-16,IBM,0.027034765109419823
911,2018-07-16,INTC,0.027034765109419823
912,2018-07-16,JNJ,0.027034765109419823
913,2018-07-16,JPM,0.035917021334171295
914,2018-07-16,KO,0.042675986886024475
915,2018-07-16,MCD,0.027034765109419823
916,2018-07-16,MMM,0.070243701338768
917,2018-07-16,MRK,0.027034765109419823
918,2018-07-16,MSFT,0.028776362538337708
919,2018-07-16,NKE,0.027034765109419823
920,2018-07-16,PFE,0.031472355127334595
921,2018-07-16,PG,0.027034765109419823
922,2018-07-16,RTX,0.053904805332422256
923,2018-07-16,TRV,0.03185460343956947
924,2018-07-16,UNH,0.027034765109419823
925,2018-07-16,V,0.036987338215112686
926,2018-07-16,VZ,0.03273218125104904
927,2018-07-16,WBA,0.042257390916347504
928,2018-07-16,WMT,0.04954260215163231
929,2018-07-16,XOM,0.027034765109419823
930,2018-07-17,AAPL,0.027034765109419823
931,2018-07-17,AXP,0.027034765109419823
932,2018-07-17,BA,0.027034765109419823
933,2018-07-17,CAT,0.03924570232629776
934,2018-07-17,CSCO,0.027034765109419823
935,2018-07-17,CVX,0.03755443915724754
936,2018-07-17,DD,0.03188082203269005
937,2018-07-17,DIS,0.02943330444395542
938,2018-07-17,GS,0.027034765109419823
939,2018-07-17,HD,0.027034765109419823
940,2018-07-17,IBM,0.027034765109419823
941,2018-07-17,INTC,0.027034765109419823
942,2018-07-17,JNJ,0.027034765109419823
943,2018-07-17,JPM,0.035917021334171295
944,2018-07-17,KO,0.042675986886024475
945,2018-07-17,MCD,0.027034765109419823
946,2018-07-17,MMM,0.070243701338768
947,2018-07-17,MRK,0.027034765109419823
948,2018-07-17,MSFT,0.028776362538337708
949,2018-07-17,NKE,0.027034765109419823
950,2018-07-17,PFE,0.031472355127334595
951,2018-07-17,PG,0.027034765109419823
952,2018-07-17,RTX,0.053904805332422256
953,2018-07-17,TRV,0.03185460343956947
954,2018-07-17,UNH,0.027034765109419823
955,2018-07-17,V,0.036987338215112686
956,2018-07-17,VZ,0.03273218125104904
957,2018-07-17,WBA,0.042257390916347504
958,2018-07-17,WMT,0.04954260215163231
959,2018-07-17,XOM,0.027034765109419823
960,2018-07-18,AAPL,0.027034765109419823
961,2018-07-18,AXP,0.027034765109419823
962,2018-07-18,BA,0.027034765109419823
963,2018-07-18,CAT,0.03924570232629776
964,2018-07-18,CSCO,0.027034765109419823
965,2018-07-18,CVX,0.03755443915724754
966,2018-07-18,DD,0.03188082203269005
967,2018-07-18,DIS,0.02943330444395542
968,2018-07-18,GS,0.027034765109419823
969,2018-07-18,HD,0.027034765109419823
970,2018-07-18,IBM,0.027034765109419823
971,2018-07-18,INTC,0.027034765109419823
972,2018-07-18,JNJ,0.027034765109419823
973,2018-07-18,JPM,0.035917021334171295
974,2018-07-18,KO,0.042675986886024475
975,2018-07-18,MCD,0.027034765109419823
976,2018-07-18,MMM,0.070243701338768
977,2018-07-18,MRK,0.027034765109419823
978,2018-07-18,MSFT,0.028776362538337708
979,2018-07-18,NKE,0.027034765109419823
980,2018-07-18,PFE,0.031472355127334595
981,2018-07-18,PG,0.027034765109419823
982,2018-07-18,RTX,0.053904805332422256
983,2018-07-18,TRV,0.03185460343956947
984,2018-07-18,UNH,0.027034765109419823
985,2018-07-18,V,0.036987338215112686
986,2018-07-18,VZ,0.03273218125104904
987,2018-07-18,WBA,0.042257390916347504
988,2018-07-18,WMT,0.04954260215163231
989,2018-07-18,XOM,0.027034765109419823
990,2018-07-19,AAPL,0.027034765109419823
991,2018-07-19,AXP,0.027034765109419823
992,2018-07-19,BA,0.027034765109419823
993,2018-07-19,CAT,0.03924570232629776
994,2018-07-19,CSCO,0.027034765109419823
995,2018-07-19,CVX,0.03755443915724754
996,2018-07-19,DD,0.03188082203269005
997,2018-07-19,DIS,0.02943330444395542
998,2018-07-19,GS,0.027034765109419823
999,2018-07-19,HD,0.027034765109419823
1000,2018-07-19,IBM,0.027034765109419823
1001,2018-07-19,INTC,0.027034765109419823
1002,2018-07-19,JNJ,0.027034765109419823
1003,2018-07-19,JPM,0.035917021334171295
1004,2018-07-19,KO,0.042675986886024475
1005,2018-07-19,MCD,0.027034765109419823
1006,2018-07-19,MMM,0.070243701338768
1007,2018-07-19,MRK,0.027034765109419823
1008,2018-07-19,MSFT,0.028776362538337708
1009,2018-07-19,NKE,0.027034765109419823
1010,2018-07-19,PFE,0.031472355127334595
1011,2018-07-19,PG,0.027034765109419823
1012,2018-07-19,RTX,0.053904805332422256
1013,2018-07-19,TRV,0.03185460343956947
1014,2018-07-19,UNH,0.027034765109419823
1015,2018-07-19,V,0.036987338215112686
1016,2018-07-19,VZ,0.03273218125104904
1017,2018-07-19,WBA,0.042257390916347504
1018,2018-07-19,WMT,0.04954260215163231
1019,2018-07-19,XOM,0.027034765109419823
1020,2018-07-20,AAPL,0.027034765109419823
1021,2018-07-20,AXP,0.027034765109419823
1022,2018-07-20,BA,0.027034765109419823
1023,2018-07-20,CAT,0.03924570232629776
1024,2018-07-20,CSCO,0.027034765109419823
1025,2018-07-20,CVX,0.03755443915724754
1026,2018-07-20,DD,0.03188082203269005
1027,2018-07-20,DIS,0.02943330444395542
1028,2018-07-20,GS,0.027034765109419823
1029,2018-07-20,HD,0.027034765109419823
1030,2018-07-20,IBM,0.027034765109419823
1031,2018-07-20,INTC,0.027034765109419823
1032,2018-07-20,JNJ,0.027034765109419823
1033,2018-07-20,JPM,0.035917021334171295
1034,2018-07-20,KO,0.042675986886024475
1035,2018-07-20,MCD,0.027034765109419823
1036,2018-07-20,MMM,0.070243701338768
1037,2018-07-20,MRK,0.027034765109419823
1038,2018-07-20,MSFT,0.028776362538337708
1039,2018-07-20,NKE,0.027034765109419823
1040,2018-07-20,PFE,0.031472355127334595
1041,2018-07-20,PG,0.027034765109419823
1042,2018-07-20,RTX,0.053904805332422256
1043,2018-07-20,TRV,0.03185460343956947
1044,2018-07-20,UNH,0.027034765109419823
1045,2018-07-20,V,0.036987338215112686
1046,2018-07-20,VZ,0.03273218125104904
1047,2018-07-20,WBA,0.042257390916347504
1048,2018-07-20,WMT,0.04954260215163231
1049,2018-07-20,XOM,0.027034765109419823
1050,2018-07-23,AAPL,0.027034765109419823
1051,2018-07-23,AXP,0.027034765109419823
1052,2018-07-23,BA,0.027034765109419823
1053,2018-07-23,CAT,0.03924570232629776
1054,2018-07-23,CSCO,0.027034765109419823
1055,2018-07-23,CVX,0.03755443915724754
1056,2018-07-23,DD,0.03188082203269005
1057,2018-07-23,DIS,0.02943330444395542
1058,2018-07-23,GS,0.027034765109419823
1059,2018-07-23,HD,0.027034765109419823
1060,2018-07-23,IBM,0.027034765109419823
1061,2018-07-23,INTC,0.027034765109419823
1062,2018-07-23,JNJ,0.027034765109419823
1063,2018-07-23,JPM,0.035917021334171295
1064,2018-07-23,KO,0.042675986886024475
1065,2018-07-23,MCD,0.027034765109419823
1066,2018-07-23,MMM,0.070243701338768
1067,2018-07-23,MRK,0.027034765109419823
1068,2018-07-23,MSFT,0.028776362538337708
1069,2018-07-23,NKE,0.027034765109419823
1070,2018-07-23,PFE,0.031472355127334595
1071,2018-07-23,PG,0.027034765109419823
1072,2018-07-23,RTX,0.053904805332422256
1073,2018-07-23,TRV,0.03185460343956947
1074,2018-07-23,UNH,0.027034765109419823
1075,2018-07-23,V,0.036987338215112686
1076,2018-07-23,VZ,0.03273218125104904
1077,2018-07-23,WBA,0.042257390916347504
1078,2018-07-23,WMT,0.04954260215163231
1079,2018-07-23,XOM,0.027034765109419823
1080,2018-07-24,AAPL,0.027034765109419823
1081,2018-07-24,AXP,0.027034765109419823
1082,2018-07-24,BA,0.027034765109419823
1083,2018-07-24,CAT,0.03924570232629776
1084,2018-07-24,CSCO,0.027034765109419823
1085,2018-07-24,CVX,0.03755443915724754
1086,2018-07-24,DD,0.03188082203269005
1087,2018-07-24,DIS,0.02943330444395542
1088,2018-07-24,GS,0.027034765109419823
1089,2018-07-24,HD,0.027034765109419823
1090,2018-07-24,IBM,0.027034765109419823
1091,2018-07-24,INTC,0.027034765109419823
1092,2018-07-24,JNJ,0.027034765109419823
1093,2018-07-24,JPM,0.035917021334171295
1094,2018-07-24,KO,0.042675986886024475
1095,2018-07-24,MCD,0.027034765109419823
1096,2018-07-24,MMM,0.070243701338768
1097,2018-07-24,MRK,0.027034765109419823
1098,2018-07-24,MSFT,0.028776362538337708
1099,2018-07-24,NKE,0.027034765109419823
1100,2018-07-24,PFE,0.031472355127334595
1101,2018-07-24,PG,0.027034765109419823
1102,2018-07-24,RTX,0.053904805332422256
1103,2018-07-24,TRV,0.03185460343956947
1104,2018-07-24,UNH,0.027034765109419823
1105,2018-07-24,V,0.036987338215112686
1106,2018-07-24,VZ,0.03273218125104904
1107,2018-07-24,WBA,0.042257390916347504
1108,2018-07-24,WMT,0.04954260215163231
1109,2018-07-24,XOM,0.027034765109419823
1110,2018-07-25,AAPL,0.027034765109419823
1111,2018-07-25,AXP,0.027034765109419823
1112,2018-07-25,BA,0.027034765109419823
1113,2018-07-25,CAT,0.03924570232629776
1114,2018-07-25,CSCO,0.027034765109419823
1115,2018-07-25,CVX,0.03755443915724754
1116,2018-07-25,DD,0.03188082203269005
1117,2018-07-25,DIS,0.02943330444395542
1118,2018-07-25,GS,0.027034765109419823
1119,2018-07-25,HD,0.027034765109419823
1120,2018-07-25,IBM,0.027034765109419823
1121,2018-07-25,INTC,0.027034765109419823
1122,2018-07-25,JNJ,0.027034765109419823
1123,2018-07-25,JPM,0.035917021334171295
1124,2018-07-25,KO,0.042675986886024475
1125,2018-07-25,MCD,0.027034765109419823
1126,2018-07-25,MMM,0.070243701338768
1127,2018-07-25,MRK,0.027034765109419823
1128,2018-07-25,MSFT,0.028776362538337708
1129,2018-07-25,NKE,0.027034765109419823
1130,2018-07-25,PFE,0.031472355127334595
1131,2018-07-25,PG,0.027034765109419823
1132,2018-07-25,RTX,0.053904805332422256
1133,2018-07-25,TRV,0.03185460343956947
1134,2018-07-25,UNH,0.027034765109419823
1135,2018-07-25,V,0.036987338215112686
1136,2018-07-25,VZ,0.03273218125104904
1137,2018-07-25,WBA,0.042257390916347504
1138,2018-07-25,WMT,0.04954260215163231
1139,2018-07-25,XOM,0.027034765109419823
1140,2018-07-26,AAPL,0.027034765109419823
1141,2018-07-26,AXP,0.027034765109419823
1142,2018-07-26,BA,0.027034765109419823
1143,2018-07-26,CAT,0.03924570232629776
1144,2018-07-26,CSCO,0.027034765109419823
1145,2018-07-26,CVX,0.03755443915724754
1146,2018-07-26,DD,0.03188082203269005
1147,2018-07-26,DIS,0.02943330444395542
1148,2018-07-26,GS,0.027034765109419823
1149,2018-07-26,HD,0.027034765109419823
1150,2018-07-26,IBM,0.027034765109419823
1151,2018-07-26,INTC,0.027034765109419823
1152,2018-07-26,JNJ,0.027034765109419823
1153,2018-07-26,JPM,0.035917021334171295
1154,2018-07-26,KO,0.042675986886024475
1155,2018-07-26,MCD,0.027034765109419823
1156,2018-07-26,MMM,0.070243701338768
1157,2018-07-26,MRK,0.027034765109419823
1158,2018-07-26,MSFT,0.028776362538337708
1159,2018-07-26,NKE,0.027034765109419823
1160,2018-07-26,PFE,0.031472355127334595
1161,2018-07-26,PG,0.027034765109419823
1162,2018-07-26,RTX,0.053904805332422256
1163,2018-07-26,TRV,0.03185460343956947
1164,2018-07-26,UNH,0.027034765109419823
1165,2018-07-26,V,0.036987338215112686
1166,2018-07-26,VZ,0.03273218125104904
1167,2018-07-26,WBA,0.042257390916347504
1168,2018-07-26,WMT,0.04954260215163231
1169,2018-07-26,XOM,0.027034765109419823
1170,2018-07-27,AAPL,0.027034765109419823
1171,2018-07-27,AXP,0.027034765109419823
1172,2018-07-27,BA,0.027034765109419823
1173,2018-07-27,CAT,0.03924570232629776
1174,2018-07-27,CSCO,0.027034765109419823
1175,2018-07-27,CVX,0.03755443915724754
1176,2018-07-27,DD,0.03188082203269005
1177,2018-07-27,DIS,0.02943330444395542
1178,2018-07-27,GS,0.027034765109419823
1179,2018-07-27,HD,0.027034765109419823
1180,2018-07-27,IBM,0.027034765109419823
1181,2018-07-27,INTC,0.027034765109419823
1182,2018-07-27,JNJ,0.027034765109419823
1183,2018-07-27,JPM,0.035917021334171295
1184,2018-07-27,KO,0.042675986886024475
1185,2018-07-27,MCD,0.027034765109419823
1186,2018-07-27,MMM,0.070243701338768
1187,2018-07-27,MRK,0.027034765109419823
1188,2018-07-27,MSFT,0.028776362538337708
1189,2018-07-27,NKE,0.027034765109419823
1190,2018-07-27,PFE,0.031472355127334595
1191,2018-07-27,PG,0.027034765109419823
1192,2018-07-27,RTX,0.053904805332422256
1193,2018-07-27,TRV,0.03185460343956947
1194,2018-07-27,UNH,0.027034765109419823
1195,2018-07-27,V,0.036987338215112686
1196,2018-07-27,VZ,0.03273218125104904
1197,2018-07-27,WBA,0.042257390916347504
1198,2018-07-27,WMT,0.04954260215163231
1199,2018-07-27,XOM,0.027034765109419823
1200,2018-07-30,AAPL,0.027034765109419823
1201,2018-07-30,AXP,0.027034765109419823
1202,2018-07-30,BA,0.027034765109419823
1203,2018-07-30,CAT,0.03924570232629776
1204,2018-07-30,CSCO,0.027034765109419823
1205,2018-07-30,CVX,0.03755443915724754
1206,2018-07-30,DD,0.03188082203269005
1207,2018-07-30,DIS,0.02943330444395542
1208,2018-07-30,GS,0.027034765109419823
1209,2018-07-30,HD,0.027034765109419823
1210,2018-07-30,IBM,0.027034765109419823
1211,2018-07-30,INTC,0.027034765109419823
1212,2018-07-30,JNJ,0.027034765109419823
1213,2018-07-30,JPM,0.035917021334171295
1214,2018-07-30,KO,0.042675986886024475
1215,2018-07-30,MCD,0.027034765109419823
1216,2018-07-30,MMM,0.070243701338768
1217,2018-07-30,MRK,0.027034765109419823
1218,2018-07-30,MSFT,0.028776362538337708
1219,2018-07-30,NKE,0.027034765109419823
1220,2018-07-30,PFE,0.031472355127334595
1221,2018-07-30,PG,0.027034765109419823
1222,2018-07-30,RTX,0.053904805332422256
1223,2018-07-30,TRV,0.03185460343956947
1224,2018-07-30,UNH,0.027034765109419823
1225,2018-07-30,V,0.036987338215112686
1226,2018-07-30,VZ,0.03273218125104904
1227,2018-07-30,WBA,0.042257390916347504
1228,2018-07-30,WMT,0.04954260215163231
1229,2018-07-30,XOM,0.027034765109419823
1230,2018-07-31,AAPL,0.027034765109419823
1231,2018-07-31,AXP,0.027034765109419823
1232,2018-07-31,BA,0.027034765109419823
1233,2018-07-31,CAT,0.03924570232629776
1234,2018-07-31,CSCO,0.027034765109419823
1235,2018-07-31,CVX,0.03755443915724754
1236,2018-07-31,DD,0.03188082203269005
1237,2018-07-31,DIS,0.02943330444395542
1238,2018-07-31,GS,0.027034765109419823
1239,2018-07-31,HD,0.027034765109419823
1240,2018-07-31,IBM,0.027034765109419823
1241,2018-07-31,INTC,0.027034765109419823
1242,2018-07-31,JNJ,0.027034765109419823
1243,2018-07-31,JPM,0.035917021334171295
1244,2018-07-31,KO,0.042675986886024475
1245,2018-07-31,MCD,0.027034765109419823
1246,2018-07-31,MMM,0.070243701338768
1247,2018-07-31,MRK,0.027034765109419823
1248,2018-07-31,MSFT,0.028776362538337708
1249,2018-07-31,NKE,0.027034765109419823
1250,2018-07-31,PFE,0.031472355127334595
1251,2018-07-31,PG,0.027034765109419823
1252,2018-07-31,RTX,0.053904805332422256
1253,2018-07-31,TRV,0.03185460343956947
1254,2018-07-31,UNH,0.027034765109419823
1255,2018-07-31,V,0.036987338215112686
1256,2018-07-31,VZ,0.03273218125104904
1257,2018-07-31,WBA,0.042257390916347504
1258,2018-07-31,WMT,0.04954260215163231
1259,2018-07-31,XOM,0.027034765109419823
1260,2018-08-01,AAPL,0.027034765109419823
1261,2018-08-01,AXP,0.027034765109419823
1262,2018-08-01,BA,0.027034765109419823
1263,2018-08-01,CAT,0.03924570232629776
1264,2018-08-01,CSCO,0.027034765109419823
1265,2018-08-01,CVX,0.03755443915724754
1266,2018-08-01,DD,0.03188082203269005
1267,2018-08-01,DIS,0.02943330444395542
1268,2018-08-01,GS,0.027034765109419823
1269,2018-08-01,HD,0.027034765109419823
1270,2018-08-01,IBM,0.027034765109419823
1271,2018-08-01,INTC,0.027034765109419823
1272,2018-08-01,JNJ,0.027034765109419823
1273,2018-08-01,JPM,0.035917021334171295
1274,2018-08-01,KO,0.042675986886024475
1275,2018-08-01,MCD,0.027034765109419823
1276,2018-08-01,MMM,0.070243701338768
1277,2018-08-01,MRK,0.027034765109419823
1278,2018-08-01,MSFT,0.028776362538337708
1279,2018-08-01,NKE,0.027034765109419823
1280,2018-08-01,PFE,0.031472355127334595
1281,2018-08-01,PG,0.027034765109419823
1282,2018-08-01,RTX,0.053904805332422256
1283,2018-08-01,TRV,0.03185460343956947
1284,2018-08-01,UNH,0.027034765109419823
1285,2018-08-01,V,0.036987338215112686
1286,2018-08-01,VZ,0.03273218125104904
1287,2018-08-01,WBA,0.042257390916347504
1288,2018-08-01,WMT,0.04954260215163231
1289,2018-08-01,XOM,0.027034765109419823
1290,2018-08-02,AAPL,0.027034765109419823
1291,2018-08-02,AXP,0.027034765109419823
1292,2018-08-02,BA,0.027034765109419823
1293,2018-08-02,CAT,0.03924570232629776
1294,2018-08-02,CSCO,0.027034765109419823
1295,2018-08-02,CVX,0.03755443915724754
1296,2018-08-02,DD,0.03188082203269005
1297,2018-08-02,DIS,0.02943330444395542
1298,2018-08-02,GS,0.027034765109419823
1299,2018-08-02,HD,0.027034765109419823
1300,2018-08-02,IBM,0.027034765109419823
1301,2018-08-02,INTC,0.027034765109419823
1302,2018-08-02,JNJ,0.027034765109419823
1303,2018-08-02,JPM,0.035917021334171295
1304,2018-08-02,KO,0.042675986886024475
1305,2018-08-02,MCD,0.027034765109419823
1306,2018-08-02,MMM,0.070243701338768
1307,2018-08-02,MRK,0.027034765109419823
1308,2018-08-02,MSFT,0.028776362538337708
1309,2018-08-02,NKE,0.027034765109419823
1310,2018-08-02,PFE,0.031472355127334595
1311,2018-08-02,PG,0.027034765109419823
1312,2018-08-02,RTX,0.053904805332422256
1313,2018-08-02,TRV,0.03185460343956947
1314,2018-08-02,UNH,0.027034765109419823
1315,2018-08-02,V,0.036987338215112686
1316,2018-08-02,VZ,0.03273218125104904
1317,2018-08-02,WBA,0.042257390916347504
1318,2018-08-02,WMT,0.04954260215163231
1319,2018-08-02,XOM,0.027034765109419823
1320,2018-08-03,AAPL,0.027034765109419823
1321,2018-08-03,AXP,0.027034765109419823
1322,2018-08-03,BA,0.027034765109419823
1323,2018-08-03,CAT,0.03924570232629776
1324,2018-08-03,CSCO,0.027034765109419823
1325,2018-08-03,CVX,0.03755443915724754
1326,2018-08-03,DD,0.03188082203269005
1327,2018-08-03,DIS,0.02943330444395542
1328,2018-08-03,GS,0.027034765109419823
1329,2018-08-03,HD,0.027034765109419823
1330,2018-08-03,IBM,0.027034765109419823
1331,2018-08-03,INTC,0.027034765109419823
1332,2018-08-03,JNJ,0.027034765109419823
1333,2018-08-03,JPM,0.035917021334171295
1334,2018-08-03,KO,0.042675986886024475
1335,2018-08-03,MCD,0.027034765109419823
1336,2018-08-03,MMM,0.070243701338768
1337,2018-08-03,MRK,0.027034765109419823
1338,2018-08-03,MSFT,0.028776362538337708
1339,2018-08-03,NKE,0.027034765109419823
1340,2018-08-03,PFE,0.031472355127334595
1341,2018-08-03,PG,0.027034765109419823
1342,2018-08-03,RTX,0.053904805332422256
1343,2018-08-03,TRV,0.03185460343956947
1344,2018-08-03,UNH,0.027034765109419823
1345,2018-08-03,V,0.036987338215112686
1346,2018-08-03,VZ,0.03273218125104904
1347,2018-08-03,WBA,0.042257390916347504
1348,2018-08-03,WMT,0.04954260215163231
1349,2018-08-03,XOM,0.027034765109419823
1350,2018-08-06,AAPL,0.027034765109419823
1351,2018-08-06,AXP,0.027034765109419823
1352,2018-08-06,BA,0.027034765109419823
1353,2018-08-06,CAT,0.03924570232629776
1354,2018-08-06,CSCO,0.027034765109419823
1355,2018-08-06,CVX,0.03755443915724754
1356,2018-08-06,DD,0.03188082203269005
1357,2018-08-06,DIS,0.02943330444395542
1358,2018-08-06,GS,0.027034765109419823
1359,2018-08-06,HD,0.027034765109419823
1360,2018-08-06,IBM,0.027034765109419823
1361,2018-08-06,INTC,0.027034765109419823
1362,2018-08-06,JNJ,0.027034765109419823
1363,2018-08-06,JPM,0.035917021334171295
1364,2018-08-06,KO,0.042675986886024475
1365,2018-08-06,MCD,0.027034765109419823
1366,2018-08-06,MMM,0.070243701338768
1367,2018-08-06,MRK,0.027034765109419823
1368,2018-08-06,MSFT,0.028776362538337708
1369,2018-08-06,NKE,0.027034765109419823
1370,2018-08-06,PFE,0.031472355127334595
1371,2018-08-06,PG,0.027034765109419823
1372,2018-08-06,RTX,0.053904805332422256
1373,2018-08-06,TRV,0.03185460343956947
1374,2018-08-06,UNH,0.027034765109419823
1375,2018-08-06,V,0.036987338215112686
1376,2018-08-06,VZ,0.03273218125104904
1377,2018-08-06,WBA,0.042257390916347504
1378,2018-08-06,WMT,0.04954260215163231
1379,2018-08-06,XOM,0.027034765109419823
1380,2018-08-07,AAPL,0.027034765109419823
1381,2018-08-07,AXP,0.027034765109419823
1382,2018-08-07,BA,0.027034765109419823
1383,2018-08-07,CAT,0.03924570232629776
1384,2018-08-07,CSCO,0.027034765109419823
1385,2018-08-07,CVX,0.03755443915724754
1386,2018-08-07,DD,0.03188082203269005
1387,2018-08-07,DIS,0.02943330444395542
1388,2018-08-07,GS,0.027034765109419823
1389,2018-08-07,HD,0.027034765109419823
1390,2018-08-07,IBM,0.027034765109419823
1391,2018-08-07,INTC,0.027034765109419823
1392,2018-08-07,JNJ,0.027034765109419823
1393,2018-08-07,JPM,0.035917021334171295
1394,2018-08-07,KO,0.042675986886024475
1395,2018-08-07,MCD,0.027034765109419823
1396,2018-08-07,MMM,0.070243701338768
1397,2018-08-07,MRK,0.027034765109419823
1398,2018-08-07,MSFT,0.028776362538337708
1399,2018-08-07,NKE,0.027034765109419823
1400,2018-08-07,PFE,0.031472355127334595
1401,2018-08-07,PG,0.027034765109419823
1402,2018-08-07,RTX,0.053904805332422256
1403,2018-08-07,TRV,0.03185460343956947
1404,2018-08-07,UNH,0.027034765109419823
1405,2018-08-07,V,0.036987338215112686
1406,2018-08-07,VZ,0.03273218125104904
1407,2018-08-07,WBA,0.042257390916347504
1408,2018-08-07,WMT,0.04954260215163231
1409,2018-08-07,XOM,0.027034765109419823
1410,2018-08-08,AAPL,0.027034765109419823
1411,2018-08-08,AXP,0.027034765109419823
1412,2018-08-08,BA,0.027034765109419823
1413,2018-08-08,CAT,0.03924570232629776
1414,2018-08-08,CSCO,0.027034765109419823
1415,2018-08-08,CVX,0.03755443915724754
1416,2018-08-08,DD,0.03188082203269005
1417,2018-08-08,DIS,0.02943330444395542
1418,2018-08-08,GS,0.027034765109419823
1419,2018-08-08,HD,0.027034765109419823
1420,2018-08-08,IBM,0.027034765109419823
1421,2018-08-08,INTC,0.027034765109419823
1422,2018-08-08,JNJ,0.027034765109419823
1423,2018-08-08,JPM,0.035917021334171295
1424,2018-08-08,KO,0.042675986886024475
1425,2018-08-08,MCD,0.027034765109419823
1426,2018-08-08,MMM,0.070243701338768
1427,2018-08-08,MRK,0.027034765109419823
1428,2018-08-08,MSFT,0.028776362538337708
1429,2018-08-08,NKE,0.027034765109419823
1430,2018-08-08,PFE,0.031472355127334595
1431,2018-08-08,PG,0.027034765109419823
1432,2018-08-08,RTX,0.053904805332422256
1433,2018-08-08,TRV,0.03185460343956947
1434,2018-08-08,UNH,0.027034765109419823
1435,2018-08-08,V,0.036987338215112686
1436,2018-08-08,VZ,0.03273218125104904
1437,2018-08-08,WBA,0.042257390916347504
1438,2018-08-08,WMT,0.04954260215163231
1439,2018-08-08,XOM,0.027034765109419823
1440,2018-08-09,AAPL,0.027034765109419823
1441,2018-08-09,AXP,0.027034765109419823
1442,2018-08-09,BA,0.027034765109419823
1443,2018-08-09,CAT,0.03924570232629776
1444,2018-08-09,CSCO,0.027034765109419823
1445,2018-08-09,CVX,0.03755443915724754
1446,2018-08-09,DD,0.03188082203269005
1447,2018-08-09,DIS,0.02943330444395542
1448,2018-08-09,GS,0.027034765109419823
1449,2018-08-09,HD,0.027034765109419823
1450,2018-08-09,IBM,0.027034765109419823
1451,2018-08-09,INTC,0.027034765109419823
1452,2018-08-09,JNJ,0.027034765109419823
1453,2018-08-09,JPM,0.035917021334171295
1454,2018-08-09,KO,0.042675986886024475
1455,2018-08-09,MCD,0.027034765109419823
1456,2018-08-09,MMM,0.070243701338768
1457,2018-08-09,MRK,0.027034765109419823
1458,2018-08-09,MSFT,0.028776362538337708
1459,2018-08-09,NKE,0.027034765109419823
1460,2018-08-09,PFE,0.031472355127334595
1461,2018-08-09,PG,0.027034765109419823
1462,2018-08-09,RTX,0.053904805332422256
1463,2018-08-09,TRV,0.03185460343956947
1464,2018-08-09,UNH,0.027034765109419823
1465,2018-08-09,V,0.036987338215112686
1466,2018-08-09,VZ,0.03273218125104904
1467,2018-08-09,WBA,0.042257390916347504
1468,2018-08-09,WMT,0.04954260215163231
1469,2018-08-09,XOM,0.027034765109419823
1470,2018-08-10,AAPL,0.027034765109419823
1471,2018-08-10,AXP,0.027034765109419823
1472,2018-08-10,BA,0.027034765109419823
1473,2018-08-10,CAT,0.03924570232629776
1474,2018-08-10,CSCO,0.027034765109419823
1475,2018-08-10,CVX,0.03755443915724754
1476,2018-08-10,DD,0.03188082203269005
1477,2018-08-10,DIS,0.02943330444395542
1478,2018-08-10,GS,0.027034765109419823
1479,2018-08-10,HD,0.027034765109419823
1480,2018-08-10,IBM,0.027034765109419823
1481,2018-08-10,INTC,0.027034765109419823
1482,2018-08-10,JNJ,0.027034765109419823
1483,2018-08-10,JPM,0.035917021334171295
1484,2018-08-10,KO,0.042675986886024475
1485,2018-08-10,MCD,0.027034765109419823
1486,2018-08-10,MMM,0.070243701338768
1487,2018-08-10,MRK,0.027034765109419823
1488,2018-08-10,MSFT,0.028776362538337708
1489,2018-08-10,NKE,0.027034765109419823
1490,2018-08-10,PFE,0.031472355127334595
1491,2018-08-10,PG,0.027034765109419823
1492,2018-08-10,RTX,0.053904805332422256
1493,2018-08-10,TRV,0.03185460343956947
1494,2018-08-10,UNH,0.027034765109419823
1495,2018-08-10,V,0.036987338215112686
1496,2018-08-10,VZ,0.03273218125104904
1497,2018-08-10,WBA,0.042257390916347504
1498,2018-08-10,WMT,0.04954260215163231
1499,2018-08-10,XOM,0.027034765109419823
1500,2018-08-13,AAPL,0.027034765109419823
1501,2018-08-13,AXP,0.027034765109419823
1502,2018-08-13,BA,0.027034765109419823
1503,2018-08-13,CAT,0.03924570232629776
1504,2018-08-13,CSCO,0.027034765109419823
1505,2018-08-13,CVX,0.03755443915724754
1506,2018-08-13,DD,0.03188082203269005
1507,2018-08-13,DIS,0.02943330444395542
1508,2018-08-13,GS,0.027034765109419823
1509,2018-08-13,HD,0.027034765109419823
1510,2018-08-13,IBM,0.027034765109419823
1511,2018-08-13,INTC,0.027034765109419823
1512,2018-08-13,JNJ,0.027034765109419823
1513,2018-08-13,JPM,0.035917021334171295
1514,2018-08-13,KO,0.042675986886024475
1515,2018-08-13,MCD,0.027034765109419823
1516,2018-08-13,MMM,0.070243701338768
1517,2018-08-13,MRK,0.027034765109419823
1518,2018-08-13,MSFT,0.028776362538337708
1519,2018-08-13,NKE,0.027034765109419823
1520,2018-08-13,PFE,0.031472355127334595
1521,2018-08-13,PG,0.027034765109419823
1522,2018-08-13,RTX,0.053904805332422256
1523,2018-08-13,TRV,0.03185460343956947
1524,2018-08-13,UNH,0.027034765109419823
1525,2018-08-13,V,0.036987338215112686
1526,2018-08-13,VZ,0.03273218125104904
1527,2018-08-13,WBA,0.042257390916347504
1528,2018-08-13,WMT,0.04954260215163231
1529,2018-08-13,XOM,0.027034765109419823
1530,2018-08-14,AAPL,0.027034765109419823
1531,2018-08-14,AXP,0.027034765109419823
1532,2018-08-14,BA,0.027034765109419823
1533,2018-08-14,CAT,0.03924570232629776
1534,2018-08-14,CSCO,0.027034765109419823
1535,2018-08-14,CVX,0.03755443915724754
1536,2018-08-14,DD,0.03188082203269005
1537,2018-08-14,DIS,0.02943330444395542
1538,2018-08-14,GS,0.027034765109419823
1539,2018-08-14,HD,0.027034765109419823
1540,2018-08-14,IBM,0.027034765109419823
1541,2018-08-14,INTC,0.027034765109419823
1542,2018-08-14,JNJ,0.027034765109419823
1543,2018-08-14,JPM,0.035917021334171295
1544,2018-08-14,KO,0.042675986886024475
1545,2018-08-14,MCD,0.027034765109419823
1546,2018-08-14,MMM,0.070243701338768
1547,2018-08-14,MRK,0.027034765109419823
1548,2018-08-14,MSFT,0.028776362538337708
1549,2018-08-14,NKE,0.027034765109419823
1550,2018-08-14,PFE,0.031472355127334595
1551,2018-08-14,PG,0.027034765109419823
1552,2018-08-14,RTX,0.053904805332422256
1553,2018-08-14,TRV,0.03185460343956947
1554,2018-08-14,UNH,0.027034765109419823
1555,2018-08-14,V,0.036987338215112686
1556,2018-08-14,VZ,0.03273218125104904
1557,2018-08-14,WBA,0.042257390916347504
1558,2018-08-14,WMT,0.04954260215163231
1559,2018-08-14,XOM,0.027034765109419823
1560,2018-08-15,AAPL,0.027034765109419823
1561,2018-08-15,AXP,0.027034765109419823
1562,2018-08-15,BA,0.027034765109419823
1563,2018-08-15,CAT,0.03924570232629776
1564,2018-08-15,CSCO,0.027034765109419823
1565,2018-08-15,CVX,0.03755443915724754
1566,2018-08-15,DD,0.03188082203269005
1567,2018-08-15,DIS,0.02943330444395542
1568,2018-08-15,GS,0.027034765109419823
1569,2018-08-15,HD,0.027034765109419823
1570,2018-08-15,IBM,0.027034765109419823
1571,2018-08-15,INTC,0.027034765109419823
1572,2018-08-15,JNJ,0.027034765109419823
1573,2018-08-15,JPM,0.035917021334171295
1574,2018-08-15,KO,0.042675986886024475
1575,2018-08-15,MCD,0.027034765109419823
1576,2018-08-15,MMM,0.070243701338768
1577,2018-08-15,MRK,0.027034765109419823
1578,2018-08-15,MSFT,0.028776362538337708
1579,2018-08-15,NKE,0.027034765109419823
1580,2018-08-15,PFE,0.031472355127334595
1581,2018-08-15,PG,0.027034765109419823
1582,2018-08-15,RTX,0.053904805332422256
1583,2018-08-15,TRV,0.03185460343956947
1584,2018-08-15,UNH,0.027034765109419823
1585,2018-08-15,V,0.036987338215112686
1586,2018-08-15,VZ,0.03273218125104904
1587,2018-08-15,WBA,0.042257390916347504
1588,2018-08-15,WMT,0.04954260215163231
1589,2018-08-15,XOM,0.027034765109419823
1590,2018-08-16,AAPL,0.027034765109419823
1591,2018-08-16,AXP,0.027034765109419823
1592,2018-08-16,BA,0.027034765109419823
1593,2018-08-16,CAT,0.03924570232629776
1594,2018-08-16,CSCO,0.027034765109419823
1595,2018-08-16,CVX,0.03755443915724754
1596,2018-08-16,DD,0.03188082203269005
1597,2018-08-16,DIS,0.02943330444395542
1598,2018-08-16,GS,0.027034765109419823
1599,2018-08-16,HD,0.027034765109419823
1600,2018-08-16,IBM,0.027034765109419823
1601,2018-08-16,INTC,0.027034765109419823
1602,2018-08-16,JNJ,0.027034765109419823
1603,2018-08-16,JPM,0.035917021334171295
1604,2018-08-16,KO,0.042675986886024475
1605,2018-08-16,MCD,0.027034765109419823
1606,2018-08-16,MMM,0.070243701338768
1607,2018-08-16,MRK,0.027034765109419823
1608,2018-08-16,MSFT,0.028776362538337708
1609,2018-08-16,NKE,0.027034765109419823
1610,2018-08-16,PFE,0.031472355127334595
1611,2018-08-16,PG,0.027034765109419823
1612,2018-08-16,RTX,0.053904805332422256
1613,2018-08-16,TRV,0.03185460343956947
1614,2018-08-16,UNH,0.027034765109419823
1615,2018-08-16,V,0.036987338215112686
1616,2018-08-16,VZ,0.03273218125104904
1617,2018-08-16,WBA,0.042257390916347504
1618,2018-08-16,WMT,0.04954260215163231
1619,2018-08-16,XOM,0.027034765109419823
1620,2018-08-17,AAPL,0.027034765109419823
1621,2018-08-17,AXP,0.027034765109419823
1622,2018-08-17,BA,0.027034765109419823
1623,2018-08-17,CAT,0.03924570232629776
1624,2018-08-17,CSCO,0.027034765109419823
1625,2018-08-17,CVX,0.03755443915724754
1626,2018-08-17,DD,0.03188082203269005
1627,2018-08-17,DIS,0.02943330444395542
1628,2018-08-17,GS,0.027034765109419823
1629,2018-08-17,HD,0.027034765109419823
1630,2018-08-17,IBM,0.027034765109419823
1631,2018-08-17,INTC,0.027034765109419823
1632,2018-08-17,JNJ,0.027034765109419823
1633,2018-08-17,JPM,0.035917021334171295
1634,2018-08-17,KO,0.042675986886024475
1635,2018-08-17,MCD,0.027034765109419823
1636,2018-08-17,MMM,0.070243701338768
1637,2018-08-17,MRK,0.027034765109419823
1638,2018-08-17,MSFT,0.028776362538337708
1639,2018-08-17,NKE,0.027034765109419823
1640,2018-08-17,PFE,0.031472355127334595
1641,2018-08-17,PG,0.027034765109419823
1642,2018-08-17,RTX,0.053904805332422256
1643,2018-08-17,TRV,0.03185460343956947
1644,2018-08-17,UNH,0.027034765109419823
1645,2018-08-17,V,0.036987338215112686
1646,2018-08-17,VZ,0.03273218125104904
1647,2018-08-17,WBA,0.042257390916347504
1648,2018-08-17,WMT,0.04954260215163231
1649,2018-08-17,XOM,0.027034765109419823
1650,2018-08-20,AAPL,0.027034765109419823
1651,2018-08-20,AXP,0.027034765109419823
1652,2018-08-20,BA,0.027034765109419823
1653,2018-08-20,CAT,0.03924570232629776
1654,2018-08-20,CSCO,0.027034765109419823
1655,2018-08-20,CVX,0.03755443915724754
1656,2018-08-20,DD,0.03188082203269005
1657,2018-08-20,DIS,0.02943330444395542
1658,2018-08-20,GS,0.027034765109419823
1659,2018-08-20,HD,0.027034765109419823
1660,2018-08-20,IBM,0.027034765109419823
1661,2018-08-20,INTC,0.027034765109419823
1662,2018-08-20,JNJ,0.027034765109419823
1663,2018-08-20,JPM,0.035917021334171295
1664,2018-08-20,KO,0.042675986886024475
1665,2018-08-20,MCD,0.027034765109419823
1666,2018-08-20,MMM,0.070243701338768
1667,2018-08-20,MRK,0.027034765109419823
1668,2018-08-20,MSFT,0.028776362538337708
1669,2018-08-20,NKE,0.027034765109419823
1670,2018-08-20,PFE,0.031472355127334595
1671,2018-08-20,PG,0.027034765109419823
1672,2018-08-20,RTX,0.053904805332422256
1673,2018-08-20,TRV,0.03185460343956947
1674,2018-08-20,UNH,0.027034765109419823
1675,2018-08-20,V,0.036987338215112686
1676,2018-08-20,VZ,0.03273218125104904
1677,2018-08-20,WBA,0.042257390916347504
1678,2018-08-20,WMT,0.04954260215163231
1679,2018-08-20,XOM,0.027034765109419823
1680,2018-08-21,AAPL,0.027034765109419823
1681,2018-08-21,AXP,0.027034765109419823
1682,2018-08-21,BA,0.027034765109419823
1683,2018-08-21,CAT,0.03924570232629776
1684,2018-08-21,CSCO,0.027034765109419823
1685,2018-08-21,CVX,0.03755443915724754
1686,2018-08-21,DD,0.03188082203269005
1687,2018-08-21,DIS,0.02943330444395542
1688,2018-08-21,GS,0.027034765109419823
1689,2018-08-21,HD,0.027034765109419823
1690,2018-08-21,IBM,0.027034765109419823
1691,2018-08-21,INTC,0.027034765109419823
1692,2018-08-21,JNJ,0.027034765109419823
1693,2018-08-21,JPM,0.035917021334171295
1694,2018-08-21,KO,0.042675986886024475
1695,2018-08-21,MCD,0.027034765109419823
1696,2018-08-21,MMM,0.070243701338768
1697,2018-08-21,MRK,0.027034765109419823
1698,2018-08-21,MSFT,0.028776362538337708
1699,2018-08-21,NKE,0.027034765109419823
1700,2018-08-21,PFE,0.031472355127334595
1701,2018-08-21,PG,0.027034765109419823
1702,2018-08-21,RTX,0.053904805332422256
1703,2018-08-21,TRV,0.03185460343956947
1704,2018-08-21,UNH,0.027034765109419823
1705,2018-08-21,V,0.036987338215112686
1706,2018-08-21,VZ,0.03273218125104904
1707,2018-08-21,WBA,0.042257390916347504
1708,2018-08-21,WMT,0.04954260215163231
1709,2018-08-21,XOM,0.027034765109419823
1710,2018-08-22,AAPL,0.027034765109419823
1711,2018-08-22,AXP,0.027034765109419823
1712,2018-08-22,BA,0.027034765109419823
1713,2018-08-22,CAT,0.03924570232629776
1714,2018-08-22,CSCO,0.027034765109419823
1715,2018-08-22,CVX,0.03755443915724754
1716,2018-08-22,DD,0.03188082203269005
1717,2018-08-22,DIS,0.02943330444395542
1718,2018-08-22,GS,0.027034765109419823
1719,2018-08-22,HD,0.027034765109419823
1720,2018-08-22,IBM,0.027034765109419823
1721,2018-08-22,INTC,0.027034765109419823
1722,2018-08-22,JNJ,0.027034765109419823
1723,2018-08-22,JPM,0.035917021334171295
1724,2018-08-22,KO,0.042675986886024475
1725,2018-08-22,MCD,0.027034765109419823
1726,2018-08-22,MMM,0.070243701338768
1727,2018-08-22,MRK,0.027034765109419823
1728,2018-08-22,MSFT,0.028776362538337708
1729,2018-08-22,NKE,0.027034765109419823
1730,2018-08-22,PFE,0.031472355127334595
1731,2018-08-22,PG,0.027034765109419823
1732,2018-08-22,RTX,0.053904805332422256
1733,2018-08-22,TRV,0.03185460343956947
1734,2018-08-22,UNH,0.027034765109419823
1735,2018-08-22,V,0.036987338215112686
1736,2018-08-22,VZ,0.03273218125104904
1737,2018-08-22,WBA,0.042257390916347504
1738,2018-08-22,WMT,0.04954260215163231
1739,2018-08-22,XOM,0.027034765109419823
1740,2018-08-23,AAPL,0.027034765109419823
1741,2018-08-23,AXP,0.027034765109419823
1742,2018-08-23,BA,0.027034765109419823
1743,2018-08-23,CAT,0.03924570232629776
1744,2018-08-23,CSCO,0.027034765109419823
1745,2018-08-23,CVX,0.03755443915724754
1746,2018-08-23,DD,0.03188082203269005
1747,2018-08-23,DIS,0.02943330444395542
1748,2018-08-23,GS,0.027034765109419823
1749,2018-08-23,HD,0.027034765109419823
1750,2018-08-23,IBM,0.027034765109419823
1751,2018-08-23,INTC,0.027034765109419823
1752,2018-08-23,JNJ,0.027034765109419823
1753,2018-08-23,JPM,0.035917021334171295
1754,2018-08-23,KO,0.042675986886024475
1755,2018-08-23,MCD,0.027034765109419823
1756,2018-08-23,MMM,0.070243701338768
1757,2018-08-23,MRK,0.027034765109419823
1758,2018-08-23,MSFT,0.028776362538337708
1759,2018-08-23,NKE,0.027034765109419823
1760,2018-08-23,PFE,0.031472355127334595
1761,2018-08-23,PG,0.027034765109419823
1762,2018-08-23,RTX,0.053904805332422256
1763,2018-08-23,TRV,0.03185460343956947
1764,2018-08-23,UNH,0.027034765109419823
1765,2018-08-23,V,0.036987338215112686
1766,2018-08-23,VZ,0.03273218125104904
1767,2018-08-23,WBA,0.042257390916347504
1768,2018-08-23,WMT,0.04954260215163231
1769,2018-08-23,XOM,0.027034765109419823
1770,2018-08-24,AAPL,0.027034765109419823
1771,2018-08-24,AXP,0.027034765109419823
1772,2018-08-24,BA,0.027034765109419823
1773,2018-08-24,CAT,0.03924570232629776
1774,2018-08-24,CSCO,0.027034765109419823
1775,2018-08-24,CVX,0.03755443915724754
1776,2018-08-24,DD,0.03188082203269005
1777,2018-08-24,DIS,0.02943330444395542
1778,2018-08-24,GS,0.027034765109419823
1779,2018-08-24,HD,0.027034765109419823
1780,2018-08-24,IBM,0.027034765109419823
1781,2018-08-24,INTC,0.027034765109419823
1782,2018-08-24,JNJ,0.027034765109419823
1783,2018-08-24,JPM,0.035917021334171295
1784,2018-08-24,KO,0.042675986886024475
1785,2018-08-24,MCD,0.027034765109419823
1786,2018-08-24,MMM,0.070243701338768
1787,2018-08-24,MRK,0.027034765109419823
1788,2018-08-24,MSFT,0.028776362538337708
1789,2018-08-24,NKE,0.027034765109419823
1790,2018-08-24,PFE,0.031472355127334595
1791,2018-08-24,PG,0.027034765109419823
1792,2018-08-24,RTX,0.053904805332422256
1793,2018-08-24,TRV,0.03185460343956947
1794,2018-08-24,UNH,0.027034765109419823
1795,2018-08-24,V,0.036987338215112686
1796,2018-08-24,VZ,0.03273218125104904
1797,2018-08-24,WBA,0.042257390916347504
1798,2018-08-24,WMT,0.04954260215163231
1799,2018-08-24,XOM,0.027034765109419823
1800,2018-08-27,AAPL,0.027034765109419823
1801,2018-08-27,AXP,0.027034765109419823
1802,2018-08-27,BA,0.027034765109419823
1803,2018-08-27,CAT,0.03924570232629776
1804,2018-08-27,CSCO,0.027034765109419823
1805,2018-08-27,CVX,0.03755443915724754
1806,2018-08-27,DD,0.03188082203269005
1807,2018-08-27,DIS,0.02943330444395542
1808,2018-08-27,GS,0.027034765109419823
1809,2018-08-27,HD,0.027034765109419823
1810,2018-08-27,IBM,0.027034765109419823
1811,2018-08-27,INTC,0.027034765109419823
1812,2018-08-27,JNJ,0.027034765109419823
1813,2018-08-27,JPM,0.035917021334171295
1814,2018-08-27,KO,0.042675986886024475
1815,2018-08-27,MCD,0.027034765109419823
1816,2018-08-27,MMM,0.070243701338768
1817,2018-08-27,MRK,0.027034765109419823
1818,2018-08-27,MSFT,0.028776362538337708
1819,2018-08-27,NKE,0.027034765109419823
1820,2018-08-27,PFE,0.031472355127334595
1821,2018-08-27,PG,0.027034765109419823
1822,2018-08-27,RTX,0.053904805332422256
1823,2018-08-27,TRV,0.03185460343956947
1824,2018-08-27,UNH,0.027034765109419823
1825,2018-08-27,V,0.036987338215112686
1826,2018-08-27,VZ,0.03273218125104904
1827,2018-08-27,WBA,0.042257390916347504
1828,2018-08-27,WMT,0.04954260215163231
1829,2018-08-27,XOM,0.027034765109419823
1830,2018-08-28,AAPL,0.027034765109419823
1831,2018-08-28,AXP,0.027034765109419823
1832,2018-08-28,BA,0.027034765109419823
1833,2018-08-28,CAT,0.03924570232629776
1834,2018-08-28,CSCO,0.027034765109419823
1835,2018-08-28,CVX,0.03755443915724754
1836,2018-08-28,DD,0.03188082203269005
1837,2018-08-28,DIS,0.02943330444395542
1838,2018-08-28,GS,0.027034765109419823
1839,2018-08-28,HD,0.027034765109419823
1840,2018-08-28,IBM,0.027034765109419823
1841,2018-08-28,INTC,0.027034765109419823
1842,2018-08-28,JNJ,0.027034765109419823
1843,2018-08-28,JPM,0.035917021334171295
1844,2018-08-28,KO,0.042675986886024475
1845,2018-08-28,MCD,0.027034765109419823
1846,2018-08-28,MMM,0.070243701338768
1847,2018-08-28,MRK,0.027034765109419823
1848,2018-08-28,MSFT,0.028776362538337708
1849,2018-08-28,NKE,0.027034765109419823
1850,2018-08-28,PFE,0.031472355127334595
1851,2018-08-28,PG,0.027034765109419823
1852,2018-08-28,RTX,0.053904805332422256
1853,2018-08-28,TRV,0.03185460343956947
1854,2018-08-28,UNH,0.027034765109419823
1855,2018-08-28,V,0.036987338215112686
1856,2018-08-28,VZ,0.03273218125104904
1857,2018-08-28,WBA,0.042257390916347504
1858,2018-08-28,WMT,0.04954260215163231
1859,2018-08-28,XOM,0.027034765109419823
1860,2018-08-29,AAPL,0.027034765109419823
1861,2018-08-29,AXP,0.027034765109419823
1862,2018-08-29,BA,0.027034765109419823
1863,2018-08-29,CAT,0.03924570232629776
1864,2018-08-29,CSCO,0.027034765109419823
1865,2018-08-29,CVX,0.03755443915724754
1866,2018-08-29,DD,0.03188082203269005
1867,2018-08-29,DIS,0.02943330444395542
1868,2018-08-29,GS,0.027034765109419823
1869,2018-08-29,HD,0.027034765109419823
1870,2018-08-29,IBM,0.027034765109419823
1871,2018-08-29,INTC,0.027034765109419823
1872,2018-08-29,JNJ,0.027034765109419823
1873,2018-08-29,JPM,0.035917021334171295
1874,2018-08-29,KO,0.042675986886024475
1875,2018-08-29,MCD,0.027034765109419823
1876,2018-08-29,MMM,0.070243701338768
1877,2018-08-29,MRK,0.027034765109419823
1878,2018-08-29,MSFT,0.028776362538337708
1879,2018-08-29,NKE,0.027034765109419823
1880,2018-08-29,PFE,0.031472355127334595
1881,2018-08-29,PG,0.027034765109419823
1882,2018-08-29,RTX,0.053904805332422256
1883,2018-08-29,TRV,0.03185460343956947
1884,2018-08-29,UNH,0.027034765109419823
1885,2018-08-29,V,0.036987338215112686
1886,2018-08-29,VZ,0.03273218125104904
1887,2018-08-29,WBA,0.042257390916347504
1888,2018-08-29,WMT,0.04954260215163231
1889,2018-08-29,XOM,0.027034765109419823
1890,2018-08-30,AAPL,0.027034765109419823
1891,2018-08-30,AXP,0.027034765109419823
1892,2018-08-30,BA,0.027034765109419823
1893,2018-08-30,CAT,0.03924570232629776
1894,2018-08-30,CSCO,0.027034765109419823
1895,2018-08-30,CVX,0.03755443915724754
1896,2018-08-30,DD,0.03188082203269005
1897,2018-08-30,DIS,0.02943330444395542
1898,2018-08-30,GS,0.027034765109419823
1899,2018-08-30,HD,0.027034765109419823
1900,2018-08-30,IBM,0.027034765109419823
1901,2018-08-30,INTC,0.027034765109419823
1902,2018-08-30,JNJ,0.027034765109419823
1903,2018-08-30,JPM,0.035917021334171295
1904,2018-08-30,KO,0.042675986886024475
1905,2018-08-30,MCD,0.027034765109419823
1906,2018-08-30,MMM,0.070243701338768
1907,2018-08-30,MRK,0.027034765109419823
1908,2018-08-30,MSFT,0.028776362538337708
1909,2018-08-30,NKE,0.027034765109419823
1910,2018-08-30,PFE,0.031472355127334595
1911,2018-08-30,PG,0.027034765109419823
1912,2018-08-30,RTX,0.053904805332422256
1913,2018-08-30,TRV,0.03185460343956947
1914,2018-08-30,UNH,0.027034765109419823
1915,2018-08-30,V,0.036987338215112686
1916,2018-08-30,VZ,0.03273218125104904
1917,2018-08-30,WBA,0.042257390916347504
1918,2018-08-30,WMT,0.04954260215163231
1919,2018-08-30,XOM,0.027034765109419823
1920,2018-08-31,AAPL,0.027034765109419823
1921,2018-08-31,AXP,0.027034765109419823
1922,2018-08-31,BA,0.027034765109419823
1923,2018-08-31,CAT,0.03924570232629776
1924,2018-08-31,CSCO,0.027034765109419823
1925,2018-08-31,CVX,0.03755443915724754
1926,2018-08-31,DD,0.03188082203269005
1927,2018-08-31,DIS,0.02943330444395542
1928,2018-08-31,GS,0.027034765109419823
1929,2018-08-31,HD,0.027034765109419823
1930,2018-08-31,IBM,0.027034765109419823
1931,2018-08-31,INTC,0.027034765109419823
1932,2018-08-31,JNJ,0.027034765109419823
1933,2018-08-31,JPM,0.035917021334171295
1934,2018-08-31,KO,0.042675986886024475
1935,2018-08-31,MCD,0.027034765109419823
1936,2018-08-31,MMM,0.070243701338768
1937,2018-08-31,MRK,0.027034765109419823
1938,2018-08-31,MSFT,0.028776362538337708
1939,2018-08-31,NKE,0.027034765109419823
1940,2018-08-31,PFE,0.031472355127334595
1941,2018-08-31,PG,0.027034765109419823
1942,2018-08-31,RTX,0.053904805332422256
1943,2018-08-31,TRV,0.03185460343956947
1944,2018-08-31,UNH,0.027034765109419823
1945,2018-08-31,V,0.036987338215112686
1946,2018-08-31,VZ,0.03273218125104904
1947,2018-08-31,WBA,0.042257390916347504
1948,2018-08-31,WMT,0.04954260215163231
1949,2018-08-31,XOM,0.027034765109419823
